id,名前,タイプ1,タイプ2,高さ,重さ,世代,ステータス,HP,こうげき,ぼうぎょ,とくこう,とくぼう,すばやさ,伝説,進化
1,フシギダネ,くさ,どく,0.7,6.9,1,318,45,49,49,65,65,45,FALSE,1
2,フシギソウ,くさ,どく,1.0,13.0,1,405,60,62,63,80,80,60,FALSE,2
3,フシギバナ,くさ,どく,2.0,100.0,1,525,80,82,83,100,100,80,FALSE,3
4,ヒトカゲ,ほのお,,0.6,8.5,1,309,39,52,43,60,50,65,FALSE,1
5,リザード,ほのお,,1.1,19.0,1,405,58,64,58,80,65,80,FALSE,2
6,リザードン,ほのお,ひこう,1.7,90.5,1,534,78,84,78,109,85,100,FALSE,3
7,ゼニガメ,みず,,0.5,9.0,1,314,44,48,65,50,64,43,FALSE,1
8,カメール,みず,,1.0,22.5,1,405,59,63,80,65,80,58,FALSE,2
9,カメックス,みず,,1.6,85.5,1,530,79,83,100,85,105,78,FALSE,3
10,キャタピー,むし,,0.3,2.9,1,195,45,30,35,20,20,45,FALSE,1
11,トランセル,むし,,0.7,9.9,1,205,50,20,55,25,25,30,FALSE,2
12,バタフリー,むし,ひこう,1.1,32.0,1,395,60,45,50,90,80,70,FALSE,3
13,ビードル,むし,どく,0.3,3.2,1,195,40,35,30,20,20,50,FALSE,1
14,コクーン,むし,どく,0.6,10.0,1,205,45,25,50,25,25,35,FALSE,2
15,スピアー,むし,どく,1.0,29.5,1,395,65,90,40,45,80,75,FALSE,3
16,ポッポ,ノーマル,ひこう,0.3,1.8,1,251,40,45,40,35,35,56,FALSE,1
17,ピジョン,ノーマル,ひこう,1.1,30.0,1,349,63,60,55,50,50,71,FALSE,2
18,ピジョット,ノーマル,ひこう,1.5,39.5,1,479,83,80,75,70,70,101,FALSE,3
19,コラッタ,ノーマル,,0.3,3.5,1,253,30,56,35,25,35,72,FALSE,1
20,ラッタ,ノーマル,,0.7,18.5,1,413,55,81,60,50,70,97,FALSE,2
21,オニスズメ,ノーマル,ひこう,0.3,2.0,1,262,40,60,30,31,31,70,FALSE,1
22,オニドリル,ノーマル,ひこう,1.2,38.0,1,442,65,90,65,61,61,100,FALSE,2
23,アーボ,どく,,2.0,6.9,1,288,35,60,44,40,54,55,FALSE,1
24,アーボック,どく,,3.5,65.0,1,448,60,95,69,65,79,80,FALSE,2
25,ピカチュウ,でんき,,0.4,6.0,1,320,35,55,40,50,50,90,FALSE,2
26,ライチュウ,でんき,,0.8,30.0,1,485,60,90,55,90,80,110,FALSE,3
27,サンド,じめん,,0.6,12.0,1,300,50,75,85,20,30,40,FALSE,1
28,サンドパン,じめん,,1.0,29.5,1,450,75,100,110,45,55,65,FALSE,2
29,ニドラン♀,どく,,0.4,7.0,1,275,55,47,52,40,40,41,FALSE,1
30,ニドリーナ,どく,,0.8,20.0,1,365,70,62,67,55,55,56,FALSE,2
31,ニドクイン,どく,じめん,1.3,60.0,1,505,90,92,87,75,85,76,FALSE,3
32,ニドラン♂,どく,,0.5,9.0,1,273,46,57,40,40,40,50,FALSE,1
33,ニドリーノ,どく,,0.9,19.5,1,365,61,72,57,55,55,65,FALSE,2
34,ニドキング,どく,じめん,1.4,62.0,1,505,81,102,77,85,75,85,FALSE,3
35,ピッピ,フェアリー,,0.6,7.5,1,323,70,45,48,60,65,35,FALSE,2
36,ピクシー,フェアリー,,1.3,40.0,1,483,95,70,73,95,90,60,FALSE,3
37,ロコン,ほのお,,0.6,9.9,1,299,38,41,40,50,65,65,FALSE,1
38,キュウコン,ほのお,,1.1,19.9,1,505,73,76,75,81,100,100,FALSE,2
39,プリン,ノーマル,フェアリー,0.5,5.5,1,270,115,45,20,45,25,20,FALSE,2
40,プクリン,ノーマル,フェアリー,1.0,12.0,1,435,140,70,45,85,50,45,FALSE,3
41,ズバット,どく,ひこう,0.8,7.5,1,245,40,45,35,30,40,55,FALSE,1
42,ゴルバット,どく,ひこう,1.6,55.0,1,455,75,80,70,65,75,90,FALSE,2
43,ナゾノクサ,くさ,どく,0.5,5.4,1,320,45,50,55,75,65,30,FALSE,1
44,クサイハナ,くさ,どく,0.8,8.6,1,395,60,65,70,85,75,40,FALSE,2
45,ラフレシア,くさ,どく,1.2,18.6,1,490,75,80,85,110,90,50,FALSE,3
46,パラス,むし,くさ,0.3,5.4,1,285,35,70,55,45,55,25,FALSE,1
47,パラセクト,むし,くさ,1.0,29.5,1,405,60,95,80,60,80,30,FALSE,2
48,コンパン,むし,どく,1.0,30.0,1,305,60,55,50,40,55,45,FALSE,1
49,モルフォン,むし,どく,1.5,12.5,1,450,70,65,60,90,75,90,FALSE,2
50,ディグダ,じめん,,0.2,0.8,1,265,10,55,25,35,45,95,FALSE,1
51,ダグトリオ,じめん,,0.7,33.3,1,425,35,100,50,50,70,120,FALSE,2
52,ニャース,ノーマル,,0.4,4.2,1,290,40,45,35,40,40,90,FALSE,1
53,ペルシアン,ノーマル,,1.0,32.0,1,440,65,70,60,65,65,115,FALSE,2
54,コダック,みず,,0.8,19.6,1,320,50,52,48,65,50,55,FALSE,1
55,ゴルダック,みず,,1.7,76.6,1,500,80,82,78,95,80,85,FALSE,2
56,マンキー,かくとう,,0.5,28.0,1,305,40,80,35,35,45,70,FALSE,1
57,オコリザル,かくとう,,1.0,32.0,1,455,65,105,60,60,70,95,FALSE,2
58,ガーディ,ほのお,,0.7,19.0,1,350,55,70,45,70,50,60,FALSE,1
59,ウインディ,ほのお,,1.9,155.0,1,555,90,110,80,100,80,95,FALSE,2
60,ニョロモ,みず,,0.6,12.4,1,300,40,50,40,40,40,90,FALSE,1
61,ニョロゾ,みず,,1.0,20.0,1,385,65,65,65,50,50,90,FALSE,2
62,ニョロボン,みず,かくとう,1.3,54.0,1,510,90,95,95,70,90,70,FALSE,3
63,ケーシィ,エスパー,,0.9,19.5,1,310,25,20,15,105,55,90,FALSE,1
64,ユンゲラー,エスパー,,1.3,56.5,1,400,40,35,30,120,70,105,FALSE,2
65,フーディン,エスパー,,1.5,48.0,1,500,55,50,45,135,95,120,FALSE,3
66,ワンリキー,かくとう,,0.8,19.5,1,305,70,80,50,35,35,35,FALSE,1
67,ゴーリキー,かくとう,,1.5,70.5,1,405,80,100,70,50,60,45,FALSE,2
68,カイリキー,かくとう,,1.6,130.0,1,505,90,130,80,65,85,55,FALSE,3
69,マダツボミ,くさ,どく,0.7,4.0,1,300,50,75,35,70,30,40,FALSE,1
70,ウツドン,くさ,どく,1.0,6.4,1,390,65,90,50,85,45,55,FALSE,2
71,ウツボット,くさ,どく,1.7,15.5,1,490,80,105,65,100,70,70,FALSE,3
72,メノクラゲ,みず,どく,0.9,45.5,1,335,40,40,35,50,100,70,FALSE,1
73,ドククラゲ,みず,どく,1.6,55.0,1,515,80,70,65,80,120,100,FALSE,2
74,イシツブテ,いわ,じめん,0.4,20.0,1,300,40,80,100,30,30,20,FALSE,1
75,ゴローン,いわ,じめん,1.0,105.0,1,390,55,95,115,45,45,35,FALSE,2
76,ゴローニャ,いわ,じめん,1.4,300.0,1,495,80,120,130,55,65,45,FALSE,3
77,ポニータ,ほのお,,1.0,30.0,1,410,50,85,55,65,65,90,FALSE,1
78,ギャロップ,ほのお,,1.7,95.0,1,500,65,100,70,80,80,105,FALSE,2
79,ヤドン,みず,エスパー,1.2,36.0,1,315,90,65,65,40,40,15,FALSE,1
80,ヤドラン,みず,エスパー,1.6,78.5,1,490,95,75,110,100,80,30,FALSE,2
81,コイル,でんき,はがね,0.3,6.0,1,325,25,35,70,95,55,45,FALSE,1
82,レアコイル,でんき,はがね,1.0,60.0,1,465,50,60,95,120,70,70,FALSE,2
83,カモネギ,ノーマル,ひこう,0.8,15.0,1,377,52,90,55,58,62,60,FALSE,1
84,ドードー,ノーマル,ひこう,1.4,39.2,1,310,35,85,45,35,35,75,FALSE,1
85,ドードリオ,ノーマル,ひこう,1.8,85.2,1,470,60,110,70,60,60,110,FALSE,2
86,パウワウ,みず,,1.1,90.0,1,325,65,45,55,45,70,45,FALSE,1
87,ジュゴン,みず,こおり,1.7,120.0,1,475,90,70,80,70,95,70,FALSE,2
88,ベトベター,どく,,0.9,30.0,1,325,80,80,50,40,50,25,FALSE,1
89,ベトベトン,どく,,1.2,30.0,1,500,105,105,75,65,100,50,FALSE,2
90,シェルダー,みず,,0.3,4.0,1,305,30,65,100,45,25,40,FALSE,1
91,パルシェン,みず,こおり,1.5,132.5,1,525,50,95,180,85,45,70,FALSE,2
92,ゴース,ゴースト,どく,1.3,0.1,1,310,30,35,30,100,35,80,FALSE,1
93,ゴースト,ゴースト,どく,1.6,0.1,1,405,45,50,45,115,55,95,FALSE,2
94,ゲンガー,ゴースト,どく,1.5,40.5,1,500,60,65,60,130,75,110,FALSE,3
95,イワーク,いわ,じめん,8.8,210.0,1,385,35,45,160,30,45,70,FALSE,1
96,スリープ,エスパー,,1.0,32.4,1,328,60,48,45,43,90,42,FALSE,1
97,スリーパー,エスパー,,1.6,75.6,1,483,85,73,70,73,115,67,FALSE,2
98,クラブ,みず,,0.4,6.5,1,325,30,105,90,25,25,50,FALSE,1
99,キングラー,みず,,1.3,60.0,1,475,55,130,115,50,50,75,FALSE,2
100,ビリリダマ,でんき,,0.5,10.4,1,330,40,30,50,55,55,100,FALSE,1
101,マルマイン,でんき,,1.2,66.6,1,490,60,50,70,80,80,150,FALSE,2
102,タマタマ,くさ,エスパー,0.4,2.5,1,325,60,40,80,60,45,40,FALSE,1
103,ナッシー,くさ,エスパー,2.0,120.0,1,530,95,95,85,125,75,55,FALSE,2
104,カラカラ,じめん,,0.4,6.5,1,320,50,50,95,40,50,35,FALSE,1
105,ガラガラ,じめん,,1.0,45.0,1,425,60,80,110,50,80,45,FALSE,2
106,サワムラー,かくとう,,1.5,49.8,1,455,50,120,53,35,110,87,FALSE,2
107,エビワラー,かくとう,,1.4,50.2,1,455,50,105,79,35,110,76,FALSE,2
108,ベロリンガ,ノーマル,,1.2,65.5,1,385,90,55,75,60,75,30,FALSE,1
109,ドガース,どく,,0.6,1.0,1,340,40,65,95,60,45,35,FALSE,1
110,マタドガス,どく,,1.2,9.5,1,490,65,90,120,85,70,60,FALSE,2
111,サイホーン,じめん,いわ,1.0,115.0,1,345,80,85,95,30,30,25,FALSE,1
112,サイドン,じめん,いわ,1.9,120.0,1,485,105,130,120,45,45,40,FALSE,2
113,ラッキー,ノーマル,,1.1,34.6,1,450,250,5,5,35,105,50,FALSE,2
114,モンジャラ,くさ,,1.0,35.0,1,435,65,55,115,100,40,60,FALSE,1
115,ガルーラ,ノーマル,,2.2,80.0,1,490,105,95,80,40,80,90,FALSE,0
116,タッツー,みず,,0.4,8.0,1,295,30,40,70,70,25,60,FALSE,1
117,シードラ,みず,,1.2,25.0,1,440,55,65,95,95,45,85,FALSE,2
118,トサキント,みず,,0.6,15.0,1,320,45,67,60,35,50,63,FALSE,1
119,アズマオウ,みず,,1.3,39.0,1,450,80,92,65,65,80,68,FALSE,2
120,ヒトデマン,みず,,0.8,34.5,1,340,30,45,55,70,55,85,FALSE,1
121,スターミー,みず,エスパー,1.1,80.0,1,520,60,75,85,100,85,115,FALSE,2
122,バリヤード,エスパー,フェアリー,1.3,54.5,1,460,40,45,65,100,120,90,FALSE,2
123,ストライク,むし,ひこう,1.5,56.0,1,500,70,110,80,55,80,105,FALSE,1
124,ルージュラ,こおり,エスパー,1.4,40.6,1,455,65,50,35,115,95,95,FALSE,2
125,エレブー,でんき,,1.1,30.0,1,490,65,83,57,95,85,105,FALSE,2
126,ブーバー,ほのお,,1.3,44.5,1,495,65,95,57,100,85,93,FALSE,2
127,カイロス,むし,,1.5,55.0,1,500,65,125,100,55,70,85,FALSE,0
128,ケンタロス,ノーマル,,1.4,88.4,1,490,75,100,95,40,70,110,FALSE,0
129,コイキング,みず,,0.9,10.0,1,200,20,10,55,15,20,80,FALSE,1
130,ギャラドス,みず,ひこう,6.5,235.0,1,540,95,125,79,60,100,81,FALSE,2
131,ラプラス,みず,こおり,2.5,220.0,1,535,130,85,80,85,95,60,FALSE,0
132,メタモン,ノーマル,,0.3,4.0,1,288,48,48,48,48,48,48,FALSE,0
133,イーブイ,ノーマル,,0.3,6.5,1,325,55,55,50,45,65,55,FALSE,1
134,シャワーズ,みず,,1.0,29.0,1,525,130,65,60,110,95,65,FALSE,2
135,サンダース,でんき,,0.8,24.5,1,525,65,65,60,110,95,130,FALSE,2
136,ブースター,ほのお,,0.9,25.0,1,525,65,130,60,95,110,65,FALSE,2
137,ポリゴン,ノーマル,,0.8,36.5,1,395,65,60,70,85,75,40,FALSE,1
138,オムナイト,いわ,みず,0.4,7.5,1,355,35,40,100,90,55,35,FALSE,1
139,オムスター,いわ,みず,1.0,35.0,1,495,70,60,125,115,70,55,FALSE,2
140,カブト,いわ,みず,0.5,11.5,1,355,30,80,90,55,45,55,FALSE,1
141,カブトプス,いわ,みず,1.3,40.5,1,495,60,115,105,65,70,80,FALSE,2
142,プテラ,いわ,ひこう,1.8,59.0,1,515,80,105,65,60,75,130,FALSE,0
143,カビゴン,ノーマル,,2.1,460.0,1,540,160,110,65,65,110,30,FALSE,2
144,フリーザー,こおり,ひこう,1.7,55.4,1,580,90,85,100,95,125,85,TRUE,0
145,サンダー,でんき,ひこう,1.6,52.6,1,580,90,90,85,125,90,100,TRUE,0
146,ファイヤー,ほのお,ひこう,2.0,60.0,1,580,90,100,90,125,85,90,TRUE,0
147,ミニリュウ,ドラゴン,,1.8,3.3,1,300,41,64,45,50,50,50,FALSE,1
148,ハクリュー,ドラゴン,,4.0,16.5,1,420,61,84,65,70,70,70,FALSE,2
149,カイリュー,ドラゴン,ひこう,2.2,210.0,1,600,91,134,95,100,100,80,FALSE,3
150,ミュウツー,エスパー,,2.0,122.0,1,680,106,110,90,154,90,130,TRUE,0
151,ミュウ,エスパー,,0.4,4.0,1,600,100,100,100,100,100,100,FALSE,0
152,チコリータ,くさ,,0.9,6.4,2,318,45,49,65,49,65,45,FALSE,1
153,ベイリーフ,くさ,,1.2,15.8,2,405,60,62,80,63,80,60,FALSE,2
154,メガニウム,くさ,,1.8,100.5,2,525,80,82,100,83,100,80,FALSE,3
155,ヒノアラシ,ほのお,,0.5,7.9,2,309,39,52,43,60,50,65,FALSE,1
156,マグマラシ,ほのお,,0.9,19.0,2,405,58,64,58,80,65,80,FALSE,2
157,バクフーン,ほのお,,1.7,79.5,2,534,78,84,78,109,85,100,FALSE,3
158,ワニノコ,みず,,0.6,9.5,2,314,50,65,64,44,48,43,FALSE,1
159,アリゲイツ,みず,,1.1,25.0,2,405,65,80,80,59,63,58,FALSE,2
160,オーダイル,みず,,2.3,88.8,2,530,85,105,100,79,83,78,FALSE,3
161,オタチ,ノーマル,,0.8,6.0,2,215,35,46,34,35,45,20,FALSE,1
162,オオタチ,ノーマル,,1.8,32.5,2,415,85,76,64,45,55,90,FALSE,2
163,ホーホー,ノーマル,ひこう,0.7,21.2,2,262,60,30,30,36,56,50,FALSE,1
164,ヨルノズク,ノーマル,ひこう,1.6,40.8,2,452,100,50,50,86,96,70,FALSE,2
165,レディバ,むし,ひこう,1.0,10.8,2,265,40,20,30,40,80,55,FALSE,1
166,レディアン,むし,ひこう,1.4,35.6,2,390,55,35,50,55,110,85,FALSE,2
167,イトマル,むし,どく,0.5,8.5,2,250,40,60,40,40,40,30,FALSE,1
168,アリアドス,むし,どく,1.1,33.5,2,400,70,90,70,60,70,40,FALSE,2
169,クロバット,どく,ひこう,1.8,75.0,2,535,85,90,80,70,80,130,FALSE,3
170,チョンチー,みず,でんき,0.5,12.0,2,330,75,38,38,56,56,67,FALSE,1
171,ランターン,みず,でんき,1.2,22.5,2,460,125,58,58,76,76,67,FALSE,2
172,ピチュー,でんき,,0.3,2.0,2,205,20,40,15,35,35,60,FALSE,1
173,ピィ,フェアリー,,0.3,3.0,2,218,50,25,28,45,55,15,FALSE,1
174,ププリン,ノーマル,フェアリー,0.3,1.0,2,210,90,30,15,40,20,15,FALSE,1
175,トゲピー,フェアリー,,0.3,1.5,2,245,35,20,65,40,65,20,FALSE,1
176,トゲチック,フェアリー,ひこう,0.6,3.2,2,405,55,40,85,80,105,40,FALSE,2
177,ネイティ,エスパー,ひこう,0.2,2.0,2,320,40,50,45,70,45,70,FALSE,1
178,ネイティオ,エスパー,ひこう,1.5,15.0,2,470,65,75,70,95,70,95,FALSE,2
179,メリープ,でんき,,0.6,7.8,2,280,55,40,40,65,45,35,FALSE,1
180,モココ,でんき,,0.8,13.3,2,365,70,55,55,80,60,45,FALSE,2
181,デンリュウ,でんき,,1.4,61.5,2,510,90,75,85,115,90,55,FALSE,3
182,キレイハナ,くさ,,0.4,5.8,2,490,75,80,95,90,100,50,FALSE,3
183,マリル,みず,フェアリー,0.4,8.5,2,250,70,20,50,20,50,40,FALSE,2
184,マリルリ,みず,フェアリー,0.8,28.5,2,420,100,50,80,60,80,50,FALSE,3
185,ウソッキー,いわ,,1.2,38.0,2,410,70,100,115,30,65,30,FALSE,2
186,ニョロトノ,みず,,1.1,33.9,2,500,90,75,75,90,100,70,FALSE,3
187,ハネッコ,くさ,ひこう,0.4,0.5,2,250,35,35,40,35,55,50,FALSE,1
188,ポポッコ,くさ,ひこう,0.6,1.0,2,340,55,45,50,45,65,80,FALSE,2
189,ワタッコ,くさ,ひこう,0.8,3.0,2,460,75,55,70,55,95,110,FALSE,3
190,エイパム,ノーマル,,0.8,11.5,2,360,55,70,55,40,55,85,FALSE,1
191,ヒマナッツ,くさ,,0.3,1.8,2,180,30,30,30,30,30,30,FALSE,1
192,キマワリ,くさ,,0.8,8.5,2,425,75,75,55,105,85,30,FALSE,2
193,ヤンヤンマ,むし,ひこう,1.2,38.0,2,390,65,65,45,75,45,95,FALSE,1
194,ウパー,みず,じめん,0.4,8.5,2,210,55,45,45,25,25,15,FALSE,1
195,ヌオー,みず,じめん,1.4,75.0,2,430,95,85,85,65,65,35,FALSE,2
196,エーフィ,エスパー,,0.9,26.5,2,525,65,65,60,130,95,110,FALSE,2
197,ブラッキー,あく,,1.0,27.0,2,525,95,65,110,60,130,65,FALSE,2
198,ヤミカラス,あく,ひこう,0.5,2.1,2,405,60,85,42,85,42,91,FALSE,1
199,ヤドキング,みず,エスパー,2.0,79.5,2,490,95,75,80,100,110,30,FALSE,2
200,ムウマ,ゴースト,,0.7,1.0,2,435,60,60,60,85,85,85,FALSE,1
201,アンノーン,エスパー,,0.5,5.0,2,336,48,72,48,72,48,48,FALSE,0
202,ソーナンス,エスパー,,1.3,28.5,2,405,190,33,58,33,58,33,FALSE,2
203,キリンリキ,ノーマル,エスパー,1.5,41.5,2,455,70,80,65,90,65,85,FALSE,0
204,クヌギダマ,むし,,0.6,7.2,2,290,50,65,90,35,35,15,FALSE,1
205,フォレトス,むし,はがね,1.2,125.8,2,465,75,90,140,60,60,40,FALSE,2
206,ノコッチ,ノーマル,,1.5,14.0,2,415,100,70,70,65,65,45,FALSE,0
207,グライガー,じめん,ひこう,1.1,64.8,2,430,65,75,105,35,65,85,FALSE,1
208,ハガネール,はがね,じめん,9.2,400.0,2,510,75,85,200,55,65,30,FALSE,2
209,ブルー,フェアリー,,0.6,7.8,2,300,60,80,50,40,40,30,FALSE,1
210,グランブル,フェアリー,,1.4,48.7,2,450,90,120,75,60,60,45,FALSE,2
211,ハリーセン,みず,どく,0.5,3.9,2,440,65,95,85,55,55,85,FALSE,0
212,ハッサム,むし,はがね,1.8,118.0,2,500,70,130,100,55,80,65,FALSE,2
213,ツボツボ,むし,いわ,0.6,20.5,2,505,20,10,230,10,230,5,FALSE,0
214,ヘラクロス,むし,かくとう,1.5,54.0,2,500,80,125,75,40,95,85,FALSE,0
215,ニューラ,あく,こおり,0.9,28.0,2,430,55,95,55,35,75,115,FALSE,1
216,ヒメグマ,ノーマル,,0.6,8.8,2,330,60,80,50,50,50,40,FALSE,1
217,リングマ,ノーマル,,1.8,125.8,2,500,90,130,75,75,75,55,FALSE,2
218,マグマッグ,ほのお,,0.7,35.0,2,250,40,40,40,70,40,20,FALSE,1
219,マグカルゴ,ほのお,いわ,0.8,55.0,2,430,60,50,120,90,80,30,FALSE,2
220,ウリムー,こおり,じめん,0.4,6.5,2,250,50,50,40,30,30,50,FALSE,1
221,イノムー,こおり,じめん,1.1,55.8,2,450,100,100,80,60,60,50,FALSE,2
222,サニーゴ,みず,いわ,0.6,5.0,2,410,65,55,95,65,95,35,FALSE,1
223,テッポウオ,みず,,0.6,12.0,2,300,35,65,35,65,35,65,FALSE,1
224,オクタン,みず,,0.9,28.5,2,480,75,105,75,105,75,45,FALSE,2
225,デリバード,こおり,ひこう,0.9,16.0,2,330,45,55,45,65,45,75,FALSE,0
226,マンタイン,みず,ひこう,2.1,220.0,2,485,85,40,70,80,140,70,FALSE,2
227,エアームド,はがね,ひこう,1.7,50.5,2,465,65,80,140,40,70,70,FALSE,0
228,デルビル,あく,ほのお,0.6,10.8,2,330,45,60,30,80,50,65,FALSE,1
229,ヘルガー,あく,ほのお,1.4,35.0,2,500,75,90,50,110,80,95,FALSE,2
230,キングドラ,みず,ドラゴン,1.8,152.0,2,540,75,95,95,95,95,85,FALSE,3
231,ゴマゾウ,じめん,,0.5,33.5,2,330,90,60,60,40,40,40,FALSE,1
232,ドンファン,じめん,,1.1,120.0,2,500,90,120,120,60,60,50,FALSE,2
233,ポリゴン２,ノーマル,,0.6,32.5,2,515,85,80,90,105,95,60,FALSE,2
234,オドシシ,ノーマル,,1.4,71.2,2,465,73,95,62,85,65,85,FALSE,0
235,ドーブル,ノーマル,,1.2,58.0,2,250,55,20,35,20,45,75,FALSE,0
236,バルキー,かくとう,,0.7,21.0,2,210,35,35,35,35,35,35,FALSE,1
237,カポエラー,かくとう,,1.4,48.0,2,455,50,95,95,35,110,70,FALSE,2
238,ムチュール,こおり,エスパー,0.4,6.0,2,305,45,30,15,85,65,65,FALSE,1
239,エレキッド,でんき,,0.6,23.5,2,360,45,63,37,65,55,95,FALSE,1
240,ブビィ,ほのお,,0.7,21.4,2,365,45,75,37,70,55,83,FALSE,1
241,ミルタンク,ノーマル,,1.2,75.5,2,490,95,80,105,40,70,100,FALSE,0
242,ハピナス,ノーマル,,1.5,46.8,2,540,255,10,10,75,135,55,FALSE,3
243,ライコウ,でんき,,1.9,178.0,2,580,90,85,75,115,100,115,TRUE,0
244,エンテイ,ほのお,,2.1,198.0,2,580,115,115,85,90,75,100,TRUE,0
245,スイクン,みず,,2.0,187.0,2,580,100,75,115,90,115,85,TRUE,0
246,ヨーギラス,いわ,じめん,0.6,72.0,2,300,50,64,50,45,50,41,FALSE,1
247,サナギラス,いわ,じめん,1.2,152.0,2,410,70,84,70,65,70,51,FALSE,2
248,バンギラス,いわ,あく,2.0,202.0,2,600,100,134,110,95,100,61,FALSE,3
249,ルギア,エスパー,ひこう,5.2,216.0,2,680,106,90,130,90,154,110,TRUE,0
250,ホウオウ,ほのお,ひこう,3.8,199.0,2,680,106,130,90,110,154,90,TRUE,0
251,セレビィ,エスパー,くさ,0.6,5.0,2,600,100,100,100,100,100,100,FALSE,0
252,キモリ,くさ,,0.5,5.0,3,310,40,45,35,65,55,70,FALSE,1
253,ジュプトル,くさ,,0.9,21.6,3,405,50,65,45,85,65,95,FALSE,2
254,ジュカイン,くさ,,1.7,52.2,3,530,70,85,65,105,85,120,FALSE,3
255,アチャモ,ほのお,,0.4,2.5,3,310,45,60,40,70,50,45,FALSE,1
256,ワカシャモ,ほのお,かくとう,0.9,19.5,3,405,60,85,60,85,60,55,FALSE,2
257,バシャーモ,ほのお,かくとう,1.9,52.0,3,530,80,120,70,110,70,80,FALSE,3
258,ミズゴロウ,みず,,0.4,7.6,3,310,50,70,50,50,50,40,FALSE,1
259,ヌマクロー,みず,じめん,0.7,28.0,3,405,70,85,70,60,70,50,FALSE,2
260,ラグラージ,みず,じめん,1.5,81.9,3,535,100,110,90,85,90,60,FALSE,3
261,ポチエナ,あく,,0.5,13.6,3,220,35,55,35,30,30,35,FALSE,1
262,グラエナ,あく,,1.0,37.0,3,420,70,90,70,60,60,70,FALSE,2
263,ジグザグマ,ノーマル,,0.4,17.5,3,240,38,30,41,30,41,60,FALSE,1
264,マッスグマ,ノーマル,,0.5,32.5,3,420,78,70,61,50,61,100,FALSE,2
265,ケムッソ,むし,,0.3,3.6,3,195,45,45,35,20,30,20,FALSE,1
266,カラサリス,むし,,0.6,10.0,3,205,50,35,55,25,25,15,FALSE,2
267,アゲハント,むし,ひこう,1.0,28.4,3,395,60,70,50,100,50,65,FALSE,3
268,マユルド,むし,,0.7,11.5,3,205,50,35,55,25,25,15,FALSE,2
269,ドクケイル,むし,どく,1.2,31.6,3,385,60,50,70,50,90,65,FALSE,3
270,ハスボー,みず,くさ,0.5,2.6,3,220,40,30,30,40,50,30,FALSE,1
271,ハスブレロ,みず,くさ,1.2,32.5,3,340,60,50,50,60,70,50,FALSE,2
272,ルンパッパ,みず,くさ,1.5,55.0,3,480,80,70,70,90,100,70,FALSE,3
273,タネボー,くさ,,0.5,4.0,3,220,40,40,50,30,30,30,FALSE,1
274,コノハナ,くさ,あく,1.0,28.0,3,340,70,70,40,60,40,60,FALSE,2
275,ダーテング,くさ,あく,1.3,59.6,3,480,90,100,60,90,60,80,FALSE,3
276,スバメ,ノーマル,ひこう,0.3,2.3,3,270,40,55,30,30,30,85,FALSE,1
277,オオスバメ,ノーマル,ひこう,0.7,19.8,3,455,60,85,60,75,50,125,FALSE,2
278,キャモメ,みず,ひこう,0.6,9.5,3,270,40,30,30,55,30,85,FALSE,1
279,ペリッパー,みず,ひこう,1.2,28.0,3,440,60,50,100,95,70,65,FALSE,2
280,ラルトス,エスパー,フェアリー,0.4,6.6,3,198,28,25,25,45,35,40,FALSE,1
281,キルリア,エスパー,フェアリー,0.8,20.2,3,278,38,35,35,65,55,50,FALSE,2
282,サーナイト,エスパー,フェアリー,1.6,48.4,3,518,68,65,65,125,115,80,FALSE,3
283,アメタマ,むし,みず,0.5,1.7,3,269,40,30,32,50,52,65,FALSE,1
284,アメモース,むし,ひこう,0.8,3.6,3,454,70,60,62,100,82,80,FALSE,2
285,キノココ,くさ,,0.4,4.5,3,295,60,40,60,40,60,35,FALSE,1
286,キノガッサ,くさ,かくとう,1.2,39.2,3,460,60,130,80,60,60,70,FALSE,2
287,ナマケロ,ノーマル,,0.8,24.0,3,280,60,60,60,35,35,30,FALSE,1
288,ヤルキモノ,ノーマル,,1.4,46.5,3,440,80,80,80,55,55,90,FALSE,2
289,ケッキング,ノーマル,,2.0,130.5,3,670,150,160,100,95,65,100,FALSE,3
290,ツチニン,むし,じめん,0.5,5.5,3,266,31,45,90,30,30,40,FALSE,1
291,テッカニン,むし,ひこう,0.8,12.0,3,456,61,90,45,50,50,160,FALSE,2
292,ヌケニン,むし,ゴースト,0.8,1.2,3,236,1,90,45,30,30,40,FALSE,2
293,ゴニョニョ,ノーマル,,0.6,16.3,3,240,64,51,23,51,23,28,FALSE,1
294,ドゴーム,ノーマル,,1.0,40.5,3,360,84,71,43,71,43,48,FALSE,2
295,バクオング,ノーマル,,1.5,84.0,3,490,104,91,63,91,73,68,FALSE,3
296,マクノシタ,かくとう,,1.0,86.4,3,237,72,60,30,20,30,25,FALSE,1
297,ハリテヤマ,かくとう,,2.3,253.8,3,474,144,120,60,40,60,50,FALSE,2
298,ルリリ,ノーマル,フェアリー,0.2,2.0,3,190,50,20,40,20,40,20,FALSE,1
299,ノズパス,いわ,,1.0,97.0,3,375,30,45,135,45,90,30,FALSE,1
300,エネコ,ノーマル,,0.6,11.0,3,260,50,45,45,35,35,50,FALSE,1
301,エネコロロ,ノーマル,,1.1,32.6,3,400,70,65,65,55,55,90,FALSE,2
302,ヤミラミ,あく,ゴースト,0.5,11.0,3,380,50,75,75,65,65,50,FALSE,0
303,クチート,はがね,フェアリー,0.6,11.5,3,380,50,85,85,55,55,50,FALSE,0
304,ココドラ,はがね,いわ,0.4,60.0,3,330,50,70,100,40,40,30,FALSE,1
305,コドラ,はがね,いわ,0.9,120.0,3,430,60,90,140,50,50,40,FALSE,2
306,ボスゴドラ,はがね,いわ,2.1,360.0,3,530,70,110,180,60,60,50,FALSE,3
307,アサナン,かくとう,エスパー,0.6,11.2,3,280,30,40,55,40,55,60,FALSE,1
308,チャーレム,かくとう,エスパー,1.3,31.5,3,410,60,60,75,60,75,80,FALSE,2
309,ラクライ,でんき,,0.6,15.2,3,295,40,45,40,65,40,65,FALSE,1
310,ライボルト,でんき,,1.5,40.2,3,475,70,75,60,105,60,105,FALSE,2
311,プラスル,でんき,,0.4,4.2,3,405,60,50,40,85,75,95,FALSE,0
312,マイナン,でんき,,0.4,4.2,3,405,60,40,50,75,85,95,FALSE,0
313,バルビート,むし,,0.7,17.7,3,430,65,73,75,47,85,85,FALSE,0
314,イルミーゼ,むし,,0.6,17.7,3,430,65,47,75,73,85,85,FALSE,0
315,ロゼリア,くさ,どく,0.3,2.0,3,400,50,60,45,100,80,65,FALSE,2
316,ゴクリン,どく,,0.4,10.3,3,302,70,43,53,43,53,40,FALSE,1
317,マルノーム,どく,,1.7,80.0,3,467,100,73,83,73,83,55,FALSE,2
318,キバニア,みず,あく,0.8,20.8,3,305,45,90,20,65,20,65,FALSE,1
319,サメハダー,みず,あく,1.8,88.8,3,460,70,120,40,95,40,95,FALSE,2
320,ホエルコ,みず,,2.0,130.0,3,400,130,70,35,70,35,60,FALSE,1
321,ホエルオー,みず,,14.5,398.0,3,500,170,90,45,90,45,60,FALSE,2
322,ドンメル,ほのお,じめん,0.7,24.0,3,305,60,60,40,65,45,35,FALSE,1
323,バクーダ,ほのお,じめん,1.9,220.0,3,460,70,100,70,105,75,40,FALSE,2
324,コータス,ほのお,,0.5,80.4,3,470,70,85,140,85,70,20,FALSE,0
325,バネブー,エスパー,,0.7,30.6,3,330,60,25,35,70,80,60,FALSE,1
326,ブーピッグ,エスパー,,0.9,71.5,3,470,80,45,65,90,110,80,FALSE,2
327,パッチール,ノーマル,,1.1,5.0,3,360,60,60,60,60,60,60,FALSE,0
328,ナックラー,じめん,,0.7,15.0,3,290,45,100,45,45,45,10,FALSE,1
329,ビブラーバ,じめん,ドラゴン,1.1,15.3,3,340,50,70,50,50,50,70,FALSE,2
330,フライゴン,じめん,ドラゴン,2.0,82.0,3,520,80,100,80,80,80,100,FALSE,3
331,サボネア,くさ,,0.4,51.3,3,335,50,85,40,85,40,35,FALSE,1
332,ノクタス,くさ,あく,1.3,77.4,3,475,70,115,60,115,60,55,FALSE,2
333,チルット,ノーマル,ひこう,0.4,1.2,3,310,45,40,60,40,75,50,FALSE,1
334,チルタリス,ドラゴン,ひこう,1.1,20.6,3,490,75,70,90,70,105,80,FALSE,2
335,ザングース,ノーマル,,1.3,40.3,3,458,73,115,60,60,60,90,FALSE,0
336,ハブネーク,どく,,2.7,52.5,3,458,73,100,60,100,60,65,FALSE,0
337,ルナトーン,いわ,エスパー,1.0,168.0,3,460,90,55,65,95,85,70,FALSE,0
338,ソルロック,いわ,エスパー,1.2,154.0,3,460,90,95,85,55,65,70,FALSE,0
339,ドジョッチ,みず,じめん,0.4,1.9,3,288,50,48,43,46,41,60,FALSE,1
340,ナマズン,みず,じめん,0.9,23.6,3,468,110,78,73,76,71,60,FALSE,2
341,ヘイガニ,みず,,0.6,11.5,3,308,43,80,65,50,35,35,FALSE,1
342,シザリガー,みず,あく,1.1,32.8,3,468,63,120,85,90,55,55,FALSE,2
343,ヤジロン,じめん,エスパー,0.5,21.5,3,300,40,40,55,40,70,55,FALSE,1
344,ネンドール,じめん,エスパー,1.5,108.0,3,500,60,70,105,70,120,75,FALSE,2
345,リリーラ,いわ,くさ,1.0,23.8,3,355,66,41,77,61,87,23,FALSE,1
346,ユレイドル,いわ,くさ,1.5,60.4,3,495,86,81,97,81,107,43,FALSE,2
347,アノプス,いわ,むし,0.7,12.5,3,355,45,95,50,40,50,75,FALSE,1
348,アーマルド,いわ,むし,1.5,68.2,3,495,75,125,100,70,80,45,FALSE,2
349,ヒンバス,みず,,0.6,7.4,3,200,20,15,20,10,55,80,FALSE,1
350,ミロカロス,みず,,6.2,162.0,3,540,95,60,79,100,125,81,FALSE,2
351,ポワルン,ノーマル,,0.3,0.8,3,420,70,70,70,70,70,70,FALSE,0
352,カクレオン,ノーマル,,1.0,22.0,3,440,60,90,70,60,120,40,FALSE,0
353,カゲボウズ,ゴースト,,0.6,2.3,3,295,44,75,35,63,33,45,FALSE,1
354,ジュペッタ,ゴースト,,1.1,12.5,3,455,64,115,65,83,63,65,FALSE,2
355,ヨマワル,ゴースト,,0.8,15.0,3,295,20,40,90,30,90,25,FALSE,1
356,サマヨール,ゴースト,,1.6,30.6,3,455,40,70,130,60,130,25,FALSE,2
357,トロピウス,くさ,ひこう,2.0,100.0,3,460,99,68,83,72,87,51,FALSE,0
358,チリーン,エスパー,,0.6,1.0,3,455,75,50,80,95,90,65,FALSE,2
359,アブソル,あく,,1.2,47.0,3,465,65,130,60,75,60,75,FALSE,0
360,ソーナノ,エスパー,,0.6,14.0,3,260,95,23,48,23,48,23,FALSE,1
361,ユキワラシ,こおり,,0.7,16.8,3,300,50,50,50,50,50,50,FALSE,1
362,オニゴーリ,こおり,,1.5,256.5,3,480,80,80,80,80,80,80,FALSE,2
363,タマザラシ,こおり,みず,0.8,39.5,3,290,70,40,50,55,50,25,FALSE,1
364,トドグラー,こおり,みず,1.1,87.6,3,410,90,60,70,75,70,45,FALSE,2
365,トドゼルガ,こおり,みず,1.4,150.6,3,530,110,80,90,95,90,65,FALSE,3
366,パールル,みず,,0.4,52.5,3,345,35,64,85,74,55,32,FALSE,1
367,ハンテール,みず,,1.7,27.0,3,485,55,104,105,94,75,52,FALSE,2
368,サクラビス,みず,,1.8,22.6,3,485,55,84,105,114,75,52,FALSE,2
369,ジーランス,みず,いわ,1.0,23.4,3,485,100,90,130,45,65,55,FALSE,0
370,ラブカス,みず,,0.6,8.7,3,330,43,30,55,40,65,97,FALSE,0
371,タツベイ,ドラゴン,,0.6,42.1,3,300,45,75,60,40,30,50,FALSE,1
372,コモルー,ドラゴン,,1.1,110.5,3,420,65,95,100,60,50,50,FALSE,2
373,ボーマンダ,ドラゴン,ひこう,1.5,102.6,3,600,95,135,80,110,80,100,FALSE,3
374,ダンバル,はがね,エスパー,0.6,95.2,3,300,40,55,80,35,60,30,FALSE,1
375,メタング,はがね,エスパー,1.2,202.5,3,420,60,75,100,55,80,50,FALSE,2
376,メタグロス,はがね,エスパー,1.6,550.0,3,600,80,135,130,95,90,70,FALSE,3
377,レジロック,いわ,,1.7,230.0,3,580,80,100,200,50,100,50,TRUE,0
378,レジアイス,こおり,,1.8,175.0,3,580,80,50,100,100,200,50,TRUE,0
379,レジスチル,はがね,,1.9,205.0,3,580,80,75,150,75,150,50,TRUE,0
380,ラティアス,ドラゴン,エスパー,1.4,40.0,3,600,80,80,90,110,130,110,TRUE,0
381,ラティオス,ドラゴン,エスパー,2.0,60.0,3,600,80,90,80,130,110,110,TRUE,0
382,カイオーガ,みず,,4.5,352.0,3,670,100,100,90,150,140,90,TRUE,0
383,グラードン,じめん,,3.5,950.0,3,670,100,150,140,100,90,90,TRUE,0
384,レックウザ,ドラゴン,ひこう,7.0,206.5,3,680,105,150,90,150,90,95,TRUE,0
385,ジラーチ,はがね,エスパー,0.3,1.1,3,600,100,100,100,100,100,100,FALSE,0
386,デオキシス,エスパー,,1.7,60.8,3,600,50,150,50,150,50,150,FALSE,0
387,ナエトル,くさ,,0.4,10.2,4,318,55,68,64,45,55,31,FALSE,1
388,ハヤシガメ,くさ,,1.1,97.0,4,405,75,89,85,55,65,36,FALSE,2
389,ドダイトス,くさ,じめん,2.2,310.0,4,525,95,109,105,75,85,56,FALSE,3
390,ヒコザル,ほのお,,0.5,6.2,4,309,44,58,44,58,44,61,FALSE,1
391,モウカザル,ほのお,かくとう,0.9,22.0,4,405,64,78,52,78,52,81,FALSE,2
392,ゴウカザル,ほのお,かくとう,1.2,55.0,4,534,76,104,71,104,71,108,FALSE,3
393,ポッチャマ,みず,,0.4,5.2,4,314,53,51,53,61,56,40,FALSE,1
394,ポッタイシ,みず,,0.8,23.0,4,405,64,66,68,81,76,50,FALSE,2
395,エンペルト,みず,はがね,1.7,84.5,4,530,84,86,88,111,101,60,FALSE,3
396,ムックル,ノーマル,ひこう,0.3,2.0,4,245,40,55,30,30,30,60,FALSE,1
397,ムクバード,ノーマル,ひこう,0.6,15.5,4,340,55,75,50,40,40,80,FALSE,2
398,ムクホーク,ノーマル,ひこう,1.2,24.9,4,485,85,120,70,50,60,100,FALSE,3
399,ビッパ,ノーマル,,0.5,20.0,4,250,59,45,40,35,40,31,FALSE,1
400,ビーダル,ノーマル,みず,1.0,31.5,4,410,79,85,60,55,60,71,FALSE,2
401,コロボーシ,むし,,0.3,2.2,4,194,37,25,41,25,41,25,FALSE,1
402,コロトック,むし,,1.0,25.5,4,384,77,85,51,55,51,65,FALSE,2
403,コリンク,でんき,,0.5,9.5,4,263,45,65,34,40,34,45,FALSE,1
404,ルクシオ,でんき,,0.9,30.5,4,363,60,85,49,60,49,60,FALSE,2
405,レントラー,でんき,,1.4,42.0,4,523,80,120,79,95,79,70,FALSE,3
406,スボミー,くさ,どく,0.2,1.2,4,280,40,30,35,50,70,55,FALSE,1
407,ロズレイド,くさ,どく,0.9,14.5,4,515,60,70,65,125,105,90,FALSE,3
408,ズガイドス,いわ,,0.9,31.5,4,350,67,125,40,30,30,58,FALSE,1
409,ラムパルド,いわ,,1.6,102.5,4,495,97,165,60,65,50,58,FALSE,2
410,タテトプス,いわ,はがね,0.5,57.0,4,350,30,42,118,42,88,30,FALSE,1
411,トリデプス,いわ,はがね,1.3,149.5,4,495,60,52,168,47,138,30,FALSE,2
412,ミノムッチ,むし,,0.2,3.4,4,224,40,29,45,29,45,36,FALSE,1
413,ミノマダム,むし,くさ,0.5,6.5,4,424,60,59,85,79,105,36,FALSE,2
414,ガーメイル,むし,ひこう,0.9,23.3,4,424,70,94,50,94,50,66,FALSE,2
415,ミツハニー,むし,ひこう,0.3,5.5,4,244,30,30,42,30,42,70,FALSE,1
416,ビークイン,むし,ひこう,1.2,38.5,4,474,70,80,102,80,102,40,FALSE,2
417,パチリス,でんき,,0.4,3.9,4,405,60,45,70,45,90,95,FALSE,0
418,ブイゼル,みず,,0.7,29.5,4,330,55,65,35,60,30,85,FALSE,1
419,フローゼル,みず,,1.1,33.5,4,495,85,105,55,85,50,115,FALSE,2
420,チェリンボ,くさ,,0.4,3.3,4,275,45,35,45,62,53,35,FALSE,1
421,チェリム,くさ,,0.5,9.3,4,450,70,60,70,87,78,85,FALSE,2
422,カラナクシ,みず,,0.3,6.3,4,325,76,48,48,57,62,34,FALSE,1
423,トリトドン,みず,じめん,0.9,29.9,4,475,111,83,68,92,82,39,FALSE,2
424,エテボース,ノーマル,,1.2,20.3,4,482,75,100,66,60,66,115,FALSE,2
425,フワンテ,ゴースト,ひこう,0.4,1.2,4,348,90,50,34,60,44,70,FALSE,1
426,フワライド,ゴースト,ひこう,1.2,15.0,4,498,150,80,44,90,54,80,FALSE,2
427,ミミロル,ノーマル,,0.4,5.5,4,350,55,66,44,44,56,85,FALSE,1
428,ミミロップ,ノーマル,,1.2,33.3,4,480,65,76,84,54,96,105,FALSE,2
429,ムウマージ,ゴースト,,0.9,4.4,4,495,60,60,60,105,105,105,FALSE,2
430,ドンカラス,あく,ひこう,0.9,27.3,4,505,100,125,52,105,52,71,FALSE,2
431,ニャルマー,ノーマル,,0.5,3.9,4,310,49,55,42,42,37,85,FALSE,1
432,ブニャット,ノーマル,,1.0,43.8,4,452,71,82,64,64,59,112,FALSE,2
433,リーシャン,エスパー,,0.2,0.6,4,285,45,30,50,65,50,45,FALSE,1
434,スカンプー,どく,あく,0.4,19.2,4,329,63,63,47,41,41,74,FALSE,1
435,スカタンク,どく,あく,1.0,38.0,4,479,103,93,67,71,61,84,FALSE,2
436,ドーミラー,はがね,エスパー,0.5,60.5,4,300,57,24,86,24,86,23,FALSE,1
437,ドータクン,はがね,エスパー,1.3,187.0,4,500,67,89,116,79,116,33,FALSE,2
438,ウソハチ,いわ,,0.5,15.0,4,290,50,80,95,10,45,10,FALSE,1
439,マネネ,エスパー,フェアリー,0.6,13.0,4,310,20,25,45,70,90,60,FALSE,1
440,ピンプク,ノーマル,,0.6,24.4,4,220,100,5,5,15,65,30,FALSE,1
441,ペラップ,ノーマル,ひこう,0.5,1.9,4,411,76,65,45,92,42,91,FALSE,0
442,ミカルゲ,ゴースト,あく,1.0,108.0,4,485,50,92,108,92,108,35,FALSE,0
443,フカマル,ドラゴン,じめん,0.7,20.5,4,300,58,70,45,40,45,42,FALSE,1
444,ガバイト,ドラゴン,じめん,1.4,56.0,4,410,68,90,65,50,55,82,FALSE,2
445,ガブリアス,ドラゴン,じめん,1.9,95.0,4,600,108,130,95,80,85,102,FALSE,3
446,ゴンベ,ノーマル,,0.6,105.0,4,390,135,85,40,40,85,5,FALSE,1
447,リオル,かくとう,,0.7,20.2,4,285,40,70,40,35,40,60,FALSE,1
448,ルカリオ,かくとう,はがね,1.2,54.0,4,525,70,110,70,115,70,90,FALSE,2
449,ヒポポタス,じめん,,0.8,49.5,4,330,68,72,78,38,42,32,FALSE,1
450,カバルドン,じめん,,2.0,300.0,4,525,108,112,118,68,72,47,FALSE,2
451,スコルピ,どく,むし,0.8,12.0,4,330,40,50,90,30,55,65,FALSE,1
452,ドラピオン,どく,あく,1.3,61.5,4,500,70,90,110,60,75,95,FALSE,2
453,グレッグル,どく,かくとう,0.7,23.0,4,300,48,61,40,61,40,50,FALSE,1
454,ドクロッグ,どく,かくとう,1.3,44.4,4,490,83,106,65,86,65,85,FALSE,2
455,マスキッパ,くさ,,1.4,27.0,4,454,74,100,72,90,72,46,FALSE,0
456,ケイコウオ,みず,,0.4,7.0,4,330,49,49,56,49,61,66,FALSE,1
457,ネオラント,みず,,1.2,24.0,4,460,69,69,76,69,86,91,FALSE,2
458,タマンタ,みず,ひこう,1.0,65.0,4,345,45,20,50,60,120,50,FALSE,1
459,ユキカブリ,くさ,こおり,1.0,50.5,4,334,60,62,50,62,60,40,FALSE,1
460,ユキノオー,くさ,こおり,2.2,135.5,4,494,90,92,75,92,85,60,FALSE,2
461,マニューラ,あく,こおり,1.1,34.0,4,510,70,120,65,45,85,125,FALSE,2
462,ジバコイル,でんき,はがね,1.2,180.0,4,535,70,70,115,130,90,60,FALSE,3
463,ベロベルト,ノーマル,,1.7,140.0,4,515,110,85,95,80,95,50,FALSE,2
464,ドサイドン,じめん,いわ,2.4,282.8,4,535,115,140,130,55,55,40,FALSE,3
465,モジャンボ,くさ,,2.0,128.6,4,535,100,100,125,110,50,50,FALSE,2
466,エレキブル,でんき,,1.8,138.6,4,540,75,123,67,95,85,95,FALSE,3
467,ブーバーン,ほのお,,1.6,68.0,4,540,75,95,67,125,95,83,FALSE,3
468,トゲキッス,フェアリー,ひこう,1.5,38.0,4,545,85,50,95,120,115,80,FALSE,3
469,メガヤンマ,むし,ひこう,1.9,51.5,4,515,86,76,86,116,56,95,FALSE,2
470,リーフィア,くさ,,1.0,25.5,4,525,65,110,130,60,65,95,FALSE,2
471,グレイシア,こおり,,0.8,25.9,4,525,65,60,110,130,95,65,FALSE,2
472,グライオン,じめん,ひこう,2.0,42.5,4,510,75,95,125,45,75,95,FALSE,2
473,マンムー,こおり,じめん,2.5,291.0,4,530,110,130,80,70,60,80,FALSE,3
474,ポリゴンＺ,ノーマル,,0.9,34.0,4,535,85,80,70,135,75,90,FALSE,3
475,エルレイド,エスパー,かくとう,1.6,52.0,4,518,68,125,65,65,115,80,FALSE,3
476,ダイノーズ,いわ,はがね,1.4,340.0,4,525,60,55,145,75,150,40,FALSE,2
477,ヨノワール,ゴースト,,2.2,106.6,4,525,45,100,135,65,135,45,FALSE,3
478,ユキメノコ,こおり,ゴースト,1.3,26.6,4,480,70,80,70,80,70,110,FALSE,2
479,ロトム,でんき,ゴースト,0.3,0.3,4,440,50,50,77,95,77,91,FALSE,0
480,ユクシー,エスパー,,0.3,0.3,4,580,75,75,130,75,130,95,TRUE,0
481,エムリット,エスパー,,0.3,0.3,4,580,80,105,105,105,105,80,TRUE,0
482,アグノム,エスパー,,0.3,0.3,4,580,75,125,70,125,70,115,TRUE,0
483,ディアルガ,はがね,ドラゴン,5.4,683.0,4,680,100,120,120,150,100,90,TRUE,0
484,パルキア,みず,ドラゴン,4.2,336.0,4,680,90,120,100,150,120,100,TRUE,0
485,ヒードラン,ほのお,はがね,1.7,430.0,4,600,91,90,106,130,106,77,TRUE,0
486,レジギガス,ノーマル,,3.7,420.0,4,670,110,160,110,80,110,100,TRUE,0
487,ギラティナ,ゴースト,ドラゴン,4.5,750.0,4,680,150,100,120,100,120,90,TRUE,0
488,クレセリア,エスパー,,1.5,85.6,4,600,120,70,120,75,130,85,TRUE,0
489,フィオネ,みず,,0.4,3.1,4,480,80,80,80,80,80,80,FALSE,0
490,マナフィ,みず,,0.3,1.4,4,600,100,100,100,100,100,100,FALSE,0
491,ダークライ,あく,,1.5,50.5,4,600,70,90,90,135,90,125,FALSE,0
492,シェイミ,くさ,,0.2,2.1,4,600,100,100,100,100,100,100,FALSE,0
493,アルセウス,ノーマル,,3.2,320.0,4,720,120,120,120,120,120,120,FALSE,0
494,ビクティニ,エスパー,ほのお,0.4,4.0,5,600,100,100,100,100,100,100,FALSE,0
495,ツタージャ,くさ,,0.6,8.1,5,308,45,45,55,45,55,63,FALSE,1
496,ジャノビー,くさ,,0.8,16.0,5,413,60,60,75,60,75,83,FALSE,2
497,ジャローダ,くさ,,3.3,63.0,5,528,75,75,95,75,95,113,FALSE,3
498,ポカブ,ほのお,,0.5,9.9,5,308,65,63,45,45,45,45,FALSE,1
499,チャオブー,ほのお,かくとう,1.0,55.5,5,418,90,93,55,70,55,55,FALSE,2
500,エンブオー,ほのお,かくとう,1.6,150.0,5,528,110,123,65,100,65,65,FALSE,3
501,ミジュマル,みず,,0.5,5.9,5,308,55,55,45,63,45,45,FALSE,1
502,フタチマル,みず,,0.8,24.5,5,413,75,75,60,83,60,60,FALSE,2
503,ダイケンキ,みず,,1.5,94.6,5,528,95,100,85,108,70,70,FALSE,3
504,ミネズミ,ノーマル,,0.5,11.6,5,255,45,55,39,35,39,42,FALSE,1
505,ミルホッグ,ノーマル,,1.1,27.0,5,420,60,85,69,60,69,77,FALSE,2
506,ヨーテリー,ノーマル,,0.4,4.1,5,275,45,60,45,25,45,55,FALSE,1
507,ハーデリア,ノーマル,,0.9,14.7,5,370,65,80,65,35,65,60,FALSE,2
508,ムーランド,ノーマル,,1.2,61.0,5,500,85,110,90,45,90,80,FALSE,3
509,チョロネコ,あく,,0.4,10.1,5,281,41,50,37,50,37,66,FALSE,1
510,レパルダス,あく,,1.1,37.5,5,446,64,88,50,88,50,106,FALSE,2
511,ヤナップ,くさ,,0.6,10.5,5,316,50,53,48,53,48,64,FALSE,1
512,ヤナッキー,くさ,,1.1,30.5,5,498,75,98,63,98,63,101,FALSE,2
513,バオップ,ほのお,,0.6,11.0,5,316,50,53,48,53,48,64,FALSE,1
514,バオッキー,ほのお,,1.0,28.0,5,498,75,98,63,98,63,101,FALSE,2
515,ヒヤップ,みず,,0.6,13.5,5,316,50,53,48,53,48,64,FALSE,1
516,ヒヤッキー,みず,,1.0,29.0,5,498,75,98,63,98,63,101,FALSE,2
517,ムンナ,エスパー,,0.6,23.3,5,292,76,25,45,67,55,24,FALSE,1
518,ムシャーナ,エスパー,,1.1,60.5,5,487,116,55,85,107,95,29,FALSE,2
519,マメパト,ノーマル,ひこう,0.3,2.1,5,264,50,55,50,36,30,43,FALSE,1
520,ハトーボー,ノーマル,ひこう,0.6,15.0,5,358,62,77,62,50,42,65,FALSE,2
521,ケンホロウ,ノーマル,ひこう,1.2,29.0,5,488,80,115,80,65,55,93,FALSE,3
522,シママ,でんき,,0.8,29.8,5,295,45,60,32,50,32,76,FALSE,1
523,ゼブライカ,でんき,,1.6,79.5,5,497,75,100,63,80,63,116,FALSE,2
524,ダンゴロ,いわ,,0.4,18.0,5,280,55,75,85,25,25,15,FALSE,1
525,ガントル,いわ,,0.9,102.0,5,390,70,105,105,50,40,20,FALSE,2
526,ギガイアス,いわ,,1.7,260.0,5,515,85,135,130,60,80,25,FALSE,3
527,コロモリ,エスパー,ひこう,0.4,2.1,5,323,65,45,43,55,43,72,FALSE,1
528,ココロモリ,エスパー,ひこう,0.9,10.5,5,425,67,57,55,77,55,114,FALSE,2
529,モグリュー,じめん,,0.3,8.5,5,328,60,85,40,30,45,68,FALSE,1
530,ドリュウズ,じめん,はがね,0.7,40.4,5,508,110,135,60,50,65,88,FALSE,2
531,タブンネ,ノーマル,,1.1,31.0,5,445,103,60,86,60,86,50,FALSE,0
532,ドッコラー,かくとう,,0.6,12.5,5,305,75,80,55,25,35,35,FALSE,1
533,ドテッコツ,かくとう,,1.2,40.0,5,405,85,105,85,40,50,40,FALSE,2
534,ローブシン,かくとう,,1.4,87.0,5,505,105,140,95,55,65,45,FALSE,3
535,オタマロ,みず,,0.5,4.5,5,294,50,50,40,50,40,64,FALSE,1
536,ガマガル,みず,じめん,0.8,17.0,5,384,75,65,55,65,55,69,FALSE,2
537,ガマゲロゲ,みず,じめん,1.5,62.0,5,509,105,95,75,85,75,74,FALSE,3
538,ナゲキ,かくとう,,1.3,55.5,5,465,120,100,85,30,85,45,FALSE,0
539,ダゲキ,かくとう,,1.4,51.0,5,465,75,125,75,30,75,85,FALSE,0
540,クルミル,むし,くさ,0.3,2.5,5,310,45,53,70,40,60,42,FALSE,1
541,クルマユ,むし,くさ,0.5,7.3,5,380,55,63,90,50,80,42,FALSE,2
542,ハハコモリ,むし,くさ,1.2,20.5,5,500,75,103,80,70,80,92,FALSE,3
543,フシデ,むし,どく,0.4,5.3,5,260,30,45,59,30,39,57,FALSE,1
544,ホイーガ,むし,どく,1.2,58.5,5,360,40,55,99,40,79,47,FALSE,2
545,ペンドラー,むし,どく,2.5,200.5,5,485,60,100,89,55,69,112,FALSE,3
546,モンメン,くさ,フェアリー,0.3,0.6,5,280,40,27,60,37,50,66,FALSE,1
547,エルフーン,くさ,フェアリー,0.7,6.6,5,480,60,67,85,77,75,116,FALSE,2
548,チュリネ,くさ,,0.5,6.6,5,280,45,35,50,70,50,30,FALSE,1
549,ドレディア,くさ,,1.1,16.3,5,480,70,60,75,110,75,90,FALSE,2
550,バスラオ,みず,,1.0,18.0,5,460,70,92,65,80,55,98,FALSE,0
551,メグロコ,じめん,あく,0.7,15.2,5,292,50,72,35,35,35,65,FALSE,1
552,ワルビル,じめん,あく,1.0,33.4,5,351,60,82,45,45,45,74,FALSE,2
553,ワルビアル,じめん,あく,1.5,96.3,5,519,95,117,80,65,70,92,FALSE,3
554,ダルマッカ,ほのお,,0.6,37.5,5,315,70,90,45,15,45,50,FALSE,1
555,ヒヒダルマ,ほのお,,1.3,92.9,5,480,105,140,55,30,55,95,FALSE,2
556,マラカッチ,くさ,,1.0,28.0,5,461,75,86,67,106,67,60,FALSE,0
557,イシズマイ,むし,いわ,0.3,14.5,5,325,50,65,85,35,35,55,FALSE,1
558,イワパレス,むし,いわ,1.4,200.0,5,485,70,105,125,65,75,45,FALSE,2
559,ズルッグ,あく,かくとう,0.6,11.8,5,348,50,75,70,35,70,48,FALSE,1
560,ズルズキン,あく,かくとう,1.1,30.0,5,488,65,90,115,45,115,58,FALSE,2
561,シンボラー,エスパー,ひこう,1.4,14.0,5,490,72,58,80,103,80,97,FALSE,0
562,デスマス,ゴースト,,0.5,1.5,5,303,38,30,85,55,65,30,FALSE,1
563,デスカーン,ゴースト,,1.7,76.5,5,483,58,50,145,95,105,30,FALSE,2
564,プロトーガ,みず,いわ,0.7,16.5,5,355,54,78,103,53,45,22,FALSE,1
565,アバゴーラ,みず,いわ,1.2,81.0,5,495,74,108,133,83,65,32,FALSE,2
566,アーケン,いわ,ひこう,0.5,9.5,5,401,55,112,45,74,45,70,FALSE,1
567,アーケオス,いわ,ひこう,1.4,32.0,5,567,75,140,65,112,65,110,FALSE,2
568,ヤブクロン,どく,,0.6,31.0,5,329,50,50,62,40,62,65,FALSE,1
569,ダストダス,どく,,1.9,107.3,5,474,80,95,82,60,82,75,FALSE,2
570,ゾロア,あく,,0.7,12.5,5,330,40,65,40,80,40,65,FALSE,1
571,ゾロアーク,あく,,1.6,81.1,5,510,60,105,60,120,60,105,FALSE,2
572,チラーミィ,ノーマル,,0.4,5.8,5,300,55,50,40,40,40,75,FALSE,1
573,チラチーノ,ノーマル,,0.5,7.5,5,470,75,95,60,65,60,115,FALSE,2
574,ゴチム,エスパー,,0.4,5.8,5,290,45,30,50,55,65,45,FALSE,1
575,ゴチミル,エスパー,,0.7,18.0,5,390,60,45,70,75,85,55,FALSE,2
576,ゴチルゼル,エスパー,,1.5,44.0,5,490,70,55,95,95,110,65,FALSE,3
577,ユニラン,エスパー,,0.3,1.0,5,290,45,30,40,105,50,20,FALSE,1
578,ダブラン,エスパー,,0.6,8.0,5,370,65,40,50,125,60,30,FALSE,2
579,ランクルス,エスパー,,1.0,20.1,5,490,110,65,75,125,85,30,FALSE,3
580,コアルヒー,みず,ひこう,0.5,5.5,5,305,62,44,50,44,50,55,FALSE,1
581,スワンナ,みず,ひこう,1.3,24.2,5,473,75,87,63,87,63,98,FALSE,2
582,バニプッチ,こおり,,0.4,5.7,5,305,36,50,50,65,60,44,FALSE,1
583,バニリッチ,こおり,,1.1,41.0,5,395,51,65,65,80,75,59,FALSE,2
584,バイバニラ,こおり,,1.3,57.5,5,535,71,95,85,110,95,79,FALSE,3
585,シキジカ,ノーマル,くさ,0.6,19.5,5,335,60,60,50,40,50,75,FALSE,1
586,メブキジカ,ノーマル,くさ,1.9,92.5,5,475,80,100,70,60,70,95,FALSE,2
587,エモンガ,でんき,ひこう,0.4,5.0,5,428,55,75,60,75,60,103,FALSE,0
588,カブルモ,むし,,0.5,5.9,5,315,50,75,45,40,45,60,FALSE,1
589,シュバルゴ,むし,はがね,1.0,33.0,5,495,70,135,105,60,105,20,FALSE,2
590,タマゲタケ,くさ,どく,0.2,1.0,5,294,69,55,45,55,55,15,FALSE,1
591,モロバレル,くさ,どく,0.6,10.5,5,464,114,85,70,85,80,30,FALSE,2
592,プルリル,みず,ゴースト,1.2,33.0,5,335,55,40,50,65,85,40,FALSE,1
593,ブルンゲル,みず,ゴースト,2.2,135.0,5,480,100,60,70,85,105,60,FALSE,2
594,ママンボウ,みず,,1.2,31.6,5,470,165,75,80,40,45,65,FALSE,0
595,バチュル,むし,でんき,0.1,0.6,5,319,50,47,50,57,50,65,FALSE,1
596,デンチュラ,むし,でんき,0.8,14.3,5,472,70,77,60,97,60,108,FALSE,2
597,テッシード,くさ,はがね,0.6,18.8,5,305,44,50,91,24,86,10,FALSE,1
598,ナットレイ,くさ,はがね,1.0,110.0,5,489,74,94,131,54,116,20,FALSE,2
599,ギアル,はがね,,0.3,21.0,5,300,40,55,70,45,60,30,FALSE,1
600,ギギアル,はがね,,0.6,51.0,5,440,60,80,95,70,85,50,FALSE,2
601,ギギギアル,はがね,,0.6,81.0,5,520,60,100,115,70,85,90,FALSE,3
602,シビシラス,でんき,,0.2,0.3,5,275,35,55,40,45,40,60,FALSE,1
603,シビビール,でんき,,1.2,22.0,5,405,65,85,70,75,70,40,FALSE,2
604,シビルドン,でんき,,2.1,80.5,5,515,85,115,80,105,80,50,FALSE,3
605,リグレー,エスパー,,0.5,9.0,5,335,55,55,55,85,55,30,FALSE,1
606,オーベム,エスパー,,1.0,34.5,5,485,75,75,75,125,95,40,FALSE,2
607,ヒトモシ,ゴースト,ほのお,0.3,3.1,5,275,50,30,55,65,55,20,FALSE,1
608,ランプラー,ゴースト,ほのお,0.6,13.0,5,370,60,40,60,95,60,55,FALSE,2
609,シャンデラ,ゴースト,ほのお,1.0,34.3,5,520,60,55,90,145,90,80,FALSE,3
610,キバゴ,ドラゴン,,0.6,18.0,5,320,46,87,60,30,40,57,FALSE,1
611,オノンド,ドラゴン,,1.0,36.0,5,410,66,117,70,40,50,67,FALSE,2
612,オノノクス,ドラゴン,,1.8,105.5,5,540,76,147,90,60,70,97,FALSE,3
613,クマシュン,こおり,,0.5,8.5,5,305,55,70,40,60,40,40,FALSE,1
614,ツンベアー,こおり,,2.6,260.0,5,505,95,130,80,70,80,50,FALSE,2
615,フリージオ,こおり,,1.1,148.0,5,515,80,50,50,95,135,105,FALSE,0
616,チョボマキ,むし,,0.4,7.7,5,305,50,40,85,40,65,25,FALSE,1
617,アギルダー,むし,,0.8,25.3,5,495,80,70,40,100,60,145,FALSE,2
618,マッギョ,じめん,でんき,0.7,11.0,5,471,109,66,84,81,99,32,FALSE,0
619,コジョフー,かくとう,,0.9,20.0,5,350,45,85,50,55,50,65,FALSE,1
620,コジョンド,かくとう,,1.4,35.5,5,510,65,125,60,95,60,105,FALSE,2
621,クリムガン,ドラゴン,,1.6,139.0,5,485,77,120,90,60,90,48,FALSE,0
622,ゴビット,じめん,ゴースト,1.0,92.0,5,303,59,74,50,35,50,35,FALSE,1
623,ゴルーグ,じめん,ゴースト,2.8,330.0,5,483,89,124,80,55,80,55,FALSE,2
624,コマタナ,あく,はがね,0.5,10.2,5,340,45,85,70,40,40,60,FALSE,1
625,キリキザン,あく,はがね,1.6,70.0,5,490,65,125,100,60,70,70,FALSE,2
626,バッフロン,ノーマル,,1.6,94.6,5,490,95,110,95,40,95,55,FALSE,0
627,ワシボン,ノーマル,ひこう,0.5,10.5,5,350,70,83,50,37,50,60,FALSE,1
628,ウォーグル,ノーマル,ひこう,1.5,41.0,5,510,100,123,75,57,75,80,FALSE,2
629,バルチャイ,あく,ひこう,0.5,9.0,5,370,70,55,75,45,65,60,FALSE,1
630,バルジーナ,あく,ひこう,1.2,39.5,5,510,110,65,105,55,95,80,FALSE,2
631,クイタラン,ほのお,,1.4,58.0,5,484,85,97,66,105,66,65,FALSE,0
632,アイアント,むし,はがね,0.3,33.0,5,484,58,109,112,48,48,109,FALSE,0
633,モノズ,あく,ドラゴン,0.8,17.3,5,300,52,65,50,45,50,38,FALSE,1
634,ジヘッド,あく,ドラゴン,1.4,50.0,5,420,72,85,70,65,70,58,FALSE,2
635,サザンドラ,あく,ドラゴン,1.8,160.0,5,600,92,105,90,125,90,98,FALSE,3
636,メラルバ,むし,ほのお,1.1,28.8,5,360,55,85,55,50,55,60,FALSE,1
637,ウルガモス,むし,ほのお,1.6,46.0,5,550,85,60,65,135,105,100,FALSE,2
638,コバルオン,はがね,かくとう,2.1,250.0,5,580,91,90,129,90,72,108,TRUE,0
639,テラキオン,いわ,かくとう,1.9,260.0,5,580,91,129,90,72,90,108,TRUE,0
640,ビリジオン,くさ,かくとう,2.0,200.0,5,580,91,90,72,90,129,108,TRUE,0
641,トルネロス,ひこう,,1.5,63.0,5,580,79,115,70,125,80,111,TRUE,0
642,ボルトロス,でんき,ひこう,1.5,61.0,5,580,79,115,70,125,80,111,TRUE,0
643,レシラム,ドラゴン,ほのお,3.2,330.0,5,680,100,120,100,150,120,90,TRUE,0
644,ゼクロム,ドラゴン,でんき,2.9,345.0,5,680,100,150,120,120,100,90,TRUE,0
645,ランドロス,じめん,ひこう,1.5,68.0,5,600,89,125,90,115,80,101,TRUE,0
646,キュレム,ドラゴン,こおり,3.0,325.0,5,660,125,130,90,130,90,95,TRUE,0
647,ケルディオ,みず,かくとう,1.4,48.5,5,580,91,72,90,129,90,108,FALSE,0
648,メロエッタ,ノーマル,エスパー,0.6,6.5,5,600,100,77,77,128,128,90,FALSE,0
649,ゲノセクト,むし,はがね,1.5,82.5,5,600,71,120,95,120,95,99,FALSE,0
650,ハリマロン,くさ,,0.4,9.0,6,313,56,61,65,48,45,38,FALSE,1
651,ハリボーグ,くさ,,0.7,29.0,6,405,61,78,95,56,58,57,FALSE,2
652,ブリガロン,くさ,かくとう,1.6,90.0,6,530,88,107,122,74,75,64,FALSE,3
653,フォッコ,ほのお,,0.4,9.4,6,307,40,45,40,62,60,60,FALSE,1
654,テールナー,ほのお,,1.0,14.5,6,409,59,59,58,90,70,73,FALSE,2
655,マフォクシー,ほのお,エスパー,1.5,39.0,6,534,75,69,72,114,100,104,FALSE,3
656,ケロマツ,みず,,0.3,7.0,6,314,41,56,40,62,44,71,FALSE,1
657,ゲコガシラ,みず,,0.6,10.9,6,405,54,63,52,83,56,97,FALSE,2
658,ゲッコウガ,みず,あく,1.5,40.0,6,530,72,95,67,103,71,122,FALSE,3
659,ホルビー,ノーマル,,0.4,5.0,6,237,38,36,38,32,36,57,FALSE,1
660,ホルード,ノーマル,じめん,1.0,42.4,6,423,85,56,77,50,77,78,FALSE,2
661,ヤヤコマ,ノーマル,ひこう,0.3,1.7,6,278,45,50,43,40,38,62,FALSE,1
662,ヒノヤコマ,ほのお,ひこう,0.7,16.0,6,382,62,73,55,56,52,84,FALSE,2
663,ファイアロー,ほのお,ひこう,1.2,24.5,6,499,78,81,71,74,69,126,FALSE,3
664,コフキムシ,むし,,0.3,2.5,6,200,38,35,40,27,25,35,FALSE,1
665,コフーライ,むし,,0.3,8.4,6,213,45,22,60,27,30,29,FALSE,2
666,ビビヨン,むし,ひこう,1.2,17.0,6,411,80,52,50,90,50,89,FALSE,3
667,シシコ,ほのお,ノーマル,0.6,13.5,6,369,62,50,58,73,54,72,FALSE,1
668,カエンジシ,ほのお,ノーマル,1.5,81.5,6,507,86,68,72,109,66,106,FALSE,2
669,フラベベ,フェアリー,,0.1,0.1,6,303,44,38,39,61,79,42,FALSE,1
670,フラエッテ,フェアリー,,0.2,0.9,6,371,54,45,47,75,98,52,FALSE,2
671,フラージェス,フェアリー,,1.1,10.0,6,552,78,65,68,112,154,75,FALSE,3
672,メェークル,くさ,,0.9,31.0,6,350,66,65,48,62,57,52,FALSE,1
673,ゴーゴート,くさ,,1.7,91.0,6,531,123,100,62,97,81,68,FALSE,2
674,ヤンチャム,かくとう,,0.6,8.0,6,348,67,82,62,46,48,43,FALSE,1
675,ゴロンダ,かくとう,あく,2.1,136.0,6,495,95,124,78,69,71,58,FALSE,2
676,トリミアン,ノーマル,,1.2,28.0,6,472,75,80,60,65,90,102,FALSE,0
677,ニャスパー,エスパー,,0.3,3.5,6,355,62,48,54,63,60,68,FALSE,1
678,ニャオニクス,エスパー,,0.6,8.5,6,466,74,48,76,83,81,104,FALSE,2
679,ヒトツキ,はがね,ゴースト,0.8,2.0,6,325,45,80,100,35,37,28,FALSE,1
680,ニダンギル,はがね,ゴースト,0.8,4.5,6,448,59,110,150,45,49,35,FALSE,2
681,ギルガルド,はがね,ゴースト,1.7,53.0,6,500,60,50,140,50,140,60,FALSE,3
682,シュシュプ,フェアリー,,0.2,0.5,6,341,78,52,60,63,65,23,FALSE,1
683,フレフワン,フェアリー,,0.8,15.5,6,462,101,72,72,99,89,29,FALSE,2
684,ペロッパフ,フェアリー,,0.4,3.5,6,341,62,48,66,59,57,49,FALSE,1
685,ペロリーム,フェアリー,,0.8,5.0,6,480,82,80,86,85,75,72,FALSE,2
686,マーイーカ,あく,エスパー,0.4,3.5,6,288,53,54,53,37,46,45,FALSE,1
687,カラマネロ,あく,エスパー,1.5,47.0,6,482,86,92,88,68,75,73,FALSE,2
688,カメテテ,いわ,みず,0.5,31.0,6,306,42,52,67,39,56,50,FALSE,1
689,ガメノデス,いわ,みず,1.3,96.0,6,500,72,105,115,54,86,68,FALSE,2
690,クズモー,どく,みず,0.5,7.3,6,320,50,60,60,60,60,30,FALSE,1
691,ドラミドロ,どく,ドラゴン,1.8,81.5,6,494,65,75,90,97,123,44,FALSE,2
692,ウデッポウ,みず,,0.5,8.3,6,330,50,53,62,58,63,44,FALSE,1
693,ブロスター,みず,,1.3,35.3,6,500,71,73,88,120,89,59,FALSE,2
694,エリキテル,でんき,ノーマル,0.5,6.0,6,289,44,38,33,61,43,70,FALSE,1
695,エレザード,でんき,ノーマル,1.0,21.0,6,481,62,55,52,109,94,109,FALSE,2
696,チゴラス,いわ,ドラゴン,0.8,26.0,6,362,58,89,77,45,45,48,FALSE,1
697,ガチゴラス,いわ,ドラゴン,2.5,270.0,6,521,82,121,119,69,59,71,FALSE,2
698,アマルス,いわ,こおり,1.3,25.2,6,362,77,59,50,67,63,46,FALSE,1
699,アマルルガ,いわ,こおり,2.7,225.0,6,521,123,77,72,99,92,58,FALSE,2
700,ニンフィア,フェアリー,,1.0,23.5,6,525,95,65,65,110,130,60,FALSE,2
701,ルチャブル,かくとう,ひこう,0.8,21.5,6,500,78,92,75,74,63,118,FALSE,0
702,デデンネ,でんき,フェアリー,0.2,2.2,6,431,67,58,57,81,67,101,FALSE,0
703,メレシー,いわ,フェアリー,0.3,5.7,6,500,50,50,150,50,150,50,FALSE,0
704,ヌメラ,ドラゴン,,0.3,2.8,6,300,45,50,35,55,75,40,FALSE,1
705,ヌメイル,ドラゴン,,0.8,17.5,6,452,68,75,53,83,113,60,FALSE,2
706,ヌメルゴン,ドラゴン,,2.0,150.5,6,600,90,100,70,110,150,80,FALSE,3
707,クレッフィ,はがね,フェアリー,0.2,3.0,6,470,57,80,91,80,87,75,FALSE,0
708,ボクレー,ゴースト,くさ,0.4,7.0,6,309,43,70,48,50,60,38,FALSE,1
709,オーロット,ゴースト,くさ,1.5,71.0,6,474,85,110,76,65,82,56,FALSE,2
710,バケッチャ,ゴースト,くさ,0.4,5.0,6,335,49,66,70,44,55,51,FALSE,1
711,パンプジン,ゴースト,くさ,0.9,12.5,6,494,65,90,122,58,75,84,FALSE,2
712,カチコール,こおり,,1.0,99.5,6,304,55,69,85,32,35,28,FALSE,1
713,クレベース,こおり,,2.0,505.0,6,514,95,117,184,44,46,28,FALSE,2
714,オンバット,ひこう,ドラゴン,0.5,8.0,6,245,40,30,35,45,40,55,FALSE,1
715,オンバーン,ひこう,ドラゴン,1.5,85.0,6,535,85,70,80,97,80,123,FALSE,2
716,ゼルネアス,フェアリー,,3.0,215.0,6,680,126,131,95,131,98,99,TRUE,0
717,イベルタル,あく,ひこう,5.8,203.0,6,680,126,131,95,131,98,99,TRUE,0
718,ジガルデ,ドラゴン,じめん,5.0,305.0,6,600,108,100,121,81,95,95,TRUE,0
719,ディアンシー,いわ,フェアリー,0.7,8.8,6,600,50,100,150,100,150,50,FALSE,0
720,フーパ,エスパー,ゴースト,0.5,9.0,6,600,80,110,60,150,130,70,FALSE,0
721,ボルケニオン,ほのお,みず,1.7,195.0,6,600,80,110,120,130,90,70,FALSE,0
722,モクロー,くさ,ひこう,0.3,1.5,7,320,68,55,55,50,50,42,FALSE,1
723,フクスロー,くさ,ひこう,0.7,16.0,7,420,78,75,75,70,70,52,FALSE,2
724,ジュナイパー,くさ,ゴースト,1.6,36.6,7,530,78,107,75,100,100,70,FALSE,3
725,ニャビー,ほのお,,0.4,4.3,7,320,45,65,40,60,40,70,FALSE,1
726,ニャヒート,ほのお,,0.7,25.0,7,420,65,85,50,80,50,90,FALSE,2
727,ガオガエン,ほのお,あく,1.8,83.0,7,530,95,115,90,80,90,60,FALSE,3
728,アシマリ,みず,,0.4,7.5,7,320,50,54,54,66,56,40,FALSE,1
729,オシャマリ,みず,,0.6,17.5,7,420,60,69,69,91,81,50,FALSE,2
730,アシレーヌ,みず,フェアリー,1.8,44.0,7,530,80,74,74,126,116,60,FALSE,3
731,ツツケラ,ノーマル,ひこう,0.3,1.2,7,265,35,75,30,30,30,65,FALSE,1
732,ケララッパ,ノーマル,ひこう,0.6,14.8,7,355,55,85,50,40,50,75,FALSE,2
733,ドデカバシ,ノーマル,ひこう,1.1,26.0,7,485,80,120,75,75,75,60,FALSE,3
734,ヤングース,ノーマル,,0.4,6.0,7,253,48,70,30,30,30,45,FALSE,1
735,デカグース,ノーマル,,0.7,14.2,7,418,88,110,60,55,60,45,FALSE,2
736,アゴジムシ,むし,,0.4,4.4,7,300,47,62,45,55,45,46,FALSE,1
737,デンヂムシ,むし,でんき,0.5,10.5,7,400,57,82,95,55,75,36,FALSE,2
738,クワガノン,むし,でんき,1.5,45.0,7,500,77,70,90,145,75,43,FALSE,3
739,マケンカニ,かくとう,,0.6,7.0,7,338,47,82,57,42,47,63,FALSE,1
740,ケケンカニ,かくとう,こおり,1.7,180.0,7,478,97,132,77,62,67,43,FALSE,2
741,オドリドリ,ほのお,ひこう,0.6,3.4,7,476,75,70,70,98,70,93,FALSE,0
742,アブリー,むし,フェアリー,0.1,0.2,7,304,40,45,40,55,40,84,FALSE,1
743,アブリボン,むし,フェアリー,0.2,0.5,7,464,60,55,60,95,70,124,FALSE,2
744,イワンコ,いわ,,0.5,9.2,7,280,45,65,40,30,40,60,FALSE,1
745,ルガルガン,いわ,,0.8,25.0,7,487,75,115,65,55,65,112,FALSE,2
746,ヨワシ,みず,,0.2,0.3,7,175,45,20,20,25,25,40,FALSE,0
747,ヒドイデ,どく,みず,0.4,8.0,7,305,50,53,62,43,52,45,FALSE,1
748,ドヒドイデ,どく,みず,0.7,14.5,7,495,50,63,152,53,142,35,FALSE,2
749,ドロバンコ,じめん,,1.0,110.0,7,385,70,100,70,45,55,45,FALSE,1
750,バンバドロ,じめん,,2.5,920.0,7,500,100,125,100,55,85,35,FALSE,2
751,シズクモ,みず,むし,0.3,4.0,7,269,38,40,52,40,72,27,FALSE,1
752,オニシズクモ,みず,むし,1.8,82.0,7,454,68,70,92,50,132,42,FALSE,2
753,カリキリ,くさ,,0.3,1.5,7,250,40,55,35,50,35,35,FALSE,1
754,ラランテス,くさ,,0.9,18.5,7,480,70,105,90,80,90,45,FALSE,2
755,ネマシュ,くさ,フェアリー,0.2,1.5,7,285,40,35,55,65,75,15,FALSE,1
756,マシェード,くさ,フェアリー,1.0,11.5,7,405,60,45,80,90,100,30,FALSE,2
757,ヤトウモリ,どく,ほのお,0.6,4.8,7,320,48,44,40,71,40,77,FALSE,1
758,エンニュート,どく,ほのお,1.2,22.2,7,480,68,64,60,111,60,117,FALSE,2
759,ヌイコグマ,ノーマル,かくとう,0.5,6.8,7,340,70,75,50,45,50,50,FALSE,1
760,キテルグマ,ノーマル,かくとう,2.1,135.0,7,500,120,125,80,55,60,60,FALSE,2
761,アマカジ,くさ,,0.3,3.2,7,210,42,30,38,30,38,32,FALSE,1
762,アママイコ,くさ,,0.7,8.2,7,290,52,40,48,40,48,62,FALSE,2
763,アマージョ,くさ,,1.2,21.4,7,510,72,120,98,50,98,72,FALSE,3
764,キュワワー,フェアリー,,0.1,0.3,7,485,51,52,90,82,110,100,FALSE,0
765,ヤレユータン,ノーマル,エスパー,1.5,76.0,7,490,90,60,80,90,110,60,FALSE,0
766,ナゲツケサル,かくとう,,2.0,82.8,7,490,100,120,90,40,60,80,FALSE,0
767,コソクムシ,むし,みず,0.5,12.0,7,230,25,35,40,20,30,80,FALSE,1
768,グソクムシャ,むし,みず,2.0,108.0,7,530,75,125,140,60,90,40,FALSE,2
769,スナバァ,ゴースト,じめん,0.5,70.0,7,320,55,55,80,70,45,15,FALSE,1
770,シロデスナ,ゴースト,じめん,1.3,250.0,7,480,85,75,110,100,75,35,FALSE,2
771,ナマコブシ,みず,,0.3,1.2,7,410,55,60,130,30,130,5,FALSE,0
772,タイプ：ヌル,ノーマル,,1.9,120.5,7,534,95,95,95,95,95,59,FALSE,1
773,シルヴァディ,ノーマル,,2.3,100.5,7,570,95,95,95,95,95,95,FALSE,2
774,メテノ,いわ,ひこう,0.3,40.0,7,440,60,60,100,60,100,60,FALSE,0
775,ネッコアラ,ノーマル,,0.4,19.9,7,480,65,115,65,75,95,65,FALSE,0
776,バクガメス,ほのお,ドラゴン,2.0,212.0,7,485,60,78,135,91,85,36,FALSE,0
777,トゲデマル,でんき,はがね,0.3,3.3,7,435,65,98,63,40,73,96,FALSE,0
778,ミミッキュ,ゴースト,フェアリー,0.2,0.7,7,476,55,90,80,50,105,96,FALSE,0
779,ハギギシリ,みず,エスパー,0.9,19.0,7,475,68,105,70,70,70,92,FALSE,0
780,ジジーロン,ノーマル,ドラゴン,3.0,185.0,7,485,78,60,85,135,91,36,FALSE,0
781,ダダリン,ゴースト,くさ,3.9,210.0,7,517,70,131,100,86,90,40,FALSE,0
782,ジャラコ,ドラゴン,,0.6,29.7,7,300,45,55,65,45,45,45,FALSE,1
783,ジャランゴ,ドラゴン,かくとう,1.2,47.0,7,420,55,75,90,65,70,65,FALSE,2
784,ジャラランガ,ドラゴン,かくとう,1.6,78.2,7,600,75,110,125,100,105,85,FALSE,3
785,カプ・コケコ,でんき,フェアリー,1.8,20.5,7,570,70,115,85,95,75,130,TRUE,0
786,カプ・テテフ,エスパー,フェアリー,1.2,18.6,7,570,70,85,75,130,115,95,TRUE,0
787,カプ・ブルル,くさ,フェアリー,1.9,45.5,7,570,70,130,115,85,95,75,TRUE,0
788,カプ・レヒレ,みず,フェアリー,1.3,21.2,7,570,70,75,115,95,130,85,TRUE,0
789,コスモッグ,エスパー,,0.2,0.1,7,200,43,29,31,29,31,37,TRUE,1
790,コスモウム,エスパー,,0.1,999.9,7,400,43,29,131,29,131,37,TRUE,2
791,ソルガレオ,エスパー,はがね,3.4,230.0,7,680,137,137,107,113,89,97,TRUE,3
792,ルナアーラ,エスパー,ゴースト,4.0,120.0,7,680,137,113,89,137,107,97,TRUE,3
793,ウツロイド,いわ,どく,1.2,55.5,7,570,109,53,47,127,131,103,FALSE,0
794,マッシブーン,むし,かくとう,2.4,333.6,7,570,107,139,139,53,53,79,FALSE,0
795,フェローチェ,むし,かくとう,1.8,25.0,7,570,71,137,37,137,37,151,FALSE,0
796,デンジュモク,でんき,,3.8,100.0,7,570,83,89,71,173,71,83,FALSE,0
797,テッカグヤ,はがね,ひこう,9.2,999.9,7,570,97,101,103,107,101,61,FALSE,0
798,カミツルギ,くさ,はがね,0.3,0.1,7,570,59,181,131,59,31,109,FALSE,0
799,アクジキング,あく,ドラゴン,5.5,888.0,7,570,223,101,53,97,53,43,FALSE,0
800,ネクロズマ,エスパー,,2.4,230.0,7,600,97,107,101,127,89,79,TRUE,0
801,マギアナ,はがね,フェアリー,1.0,80.5,7,600,80,95,115,130,115,65,FALSE,0
802,マーシャドー,かくとう,ゴースト,0.7,22.2,7,600,90,125,80,90,90,125,FALSE,0
803,ベベノム,どく,,0.6,1.8,7,420,67,73,67,73,67,73,FALSE,1
804,アーゴヨン,どく,ドラゴン,3.6,150.0,7,540,73,73,73,127,73,121,FALSE,2
805,ツンデツンデ,いわ,はがね,5.5,820.0,7,570,61,131,211,53,101,13,FALSE,0
806,ズガドーン,ほのお,ゴースト,1.8,13.0,7,570,53,127,53,151,79,107,FALSE,0
807,ゼラオラ,でんき,,1.5,44.5,7,600,88,112,75,102,80,143,FALSE,0
808,メルタン,はがね,,0.2,8.0,7,300,46,65,65,55,35,34,FALSE,1
809,メルメタル,はがね,,2.5,800.0,7,600,135,143,143,80,65,34,FALSE,2
810,サルノリ,くさ,,0.3,5.0,8,310,50,65,50,40,40,65,FALSE,1
811,バチンキー,くさ,,0.7,14.0,8,420,70,85,70,55,60,80,FALSE,2
812,ゴリランダー,くさ,,2.1,90.0,8,530,100,125,90,60,70,85,FALSE,3
813,ヒバニー,ほのお,,0.3,4.5,8,310,50,71,40,40,40,69,FALSE,1
814,ラビフット,ほのお,,0.6,9.0,8,420,65,86,60,55,60,94,FALSE,2
815,エースバーン,ほのお,,1.4,33.0,8,530,80,116,75,65,75,119,FALSE,3
816,メッソン,みず,,0.3,4.0,8,310,50,40,40,70,40,70,FALSE,1
817,ジメレオン,みず,,0.7,11.5,8,420,65,60,55,95,55,90,FALSE,2
818,インテレオン,みず,,1.9,45.2,8,530,70,85,65,125,65,120,FALSE,3
819,ホシガリス,ノーマル,,0.3,2.5,8,275,70,55,55,35,35,25,FALSE,1
820,ヨクバリス,ノーマル,,0.6,6.0,8,460,120,95,95,55,75,20,FALSE,2
821,ココガラ,ひこう,,0.2,1.8,8,245,38,47,35,33,35,57,FALSE,1
822,アオガラス,ひこう,,0.8,16.0,8,365,68,67,55,43,55,77,FALSE,2
823,アーマーガア,ひこう,はがね,2.2,75.0,8,495,98,87,105,53,85,67,FALSE,3
824,サッチムシ,むし,,0.4,8.0,8,180,25,20,20,25,45,45,FALSE,1
825,レドームシ,むし,エスパー,0.4,19.5,8,335,50,35,80,50,90,30,FALSE,2
826,イオルブ,むし,エスパー,0.4,40.8,8,505,60,45,110,80,120,90,FALSE,3
827,クスネ,あく,,0.6,8.9,8,245,40,28,28,47,52,50,FALSE,1
828,フォクスライ,あく,,1.2,19.9,8,455,70,58,58,87,92,90,FALSE,2
829,ヒメンカ,くさ,,0.4,2.2,8,250,40,40,60,40,60,10,FALSE,1
830,ワタシラガ,くさ,,0.5,2.5,8,460,60,50,90,80,120,60,FALSE,2
831,ウールー,ノーマル,,0.6,6.0,8,270,42,40,55,40,45,48,FALSE,1
832,バイウールー,ノーマル,,1.3,43.0,8,490,72,80,100,60,90,88,FALSE,2
833,カムカメ,みず,,0.3,8.5,8,284,50,64,50,38,38,44,FALSE,1
834,カジリガメ,みず,いわ,1.0,115.5,8,485,90,115,90,48,68,74,FALSE,2
835,ワンパチ,でんき,,0.3,13.5,8,270,59,45,50,40,50,26,FALSE,1
836,パルスワン,でんき,,1.0,34.0,8,490,69,90,60,90,60,121,FALSE,2
837,タンドン,いわ,,0.3,12.0,8,240,30,40,50,40,50,30,FALSE,1
838,トロッゴン,いわ,ほのお,1.1,78.0,8,410,80,60,90,60,70,50,FALSE,2
839,セキタンザン,いわ,ほのお,2.8,310.5,8,510,110,80,120,80,90,30,FALSE,3
840,カジッチュ,くさ,ドラゴン,0.2,0.5,8,260,40,40,80,40,40,20,FALSE,1
841,アップリュー,くさ,ドラゴン,0.3,1.0,8,485,70,110,80,95,60,70,FALSE,2
842,タルップル,くさ,ドラゴン,0.4,13.0,8,485,110,85,80,100,80,30,FALSE,2
843,スナヘビ,じめん,,2.2,7.6,8,315,52,57,75,35,50,46,FALSE,1
844,サダイジャ,じめん,,3.8,65.5,8,510,72,107,125,65,70,71,FALSE,2
845,ウッウ,ひこう,みず,0.8,18.0,8,475,70,85,55,85,95,85,FALSE,0
846,サシカマス,みず,,0.5,1.0,8,280,41,63,40,40,30,66,FALSE,1
847,カマスジョー,みず,,1.3,30.0,8,490,61,123,60,60,50,136,FALSE,2
848,エレズン,でんき,どく,0.4,11.0,8,242,40,38,35,54,35,40,FALSE,1
849,ストリンダー,でんき,どく,1.6,40.0,8,502,75,98,70,114,70,75,FALSE,2
850,ヤクデ,ほのお,むし,0.7,1.0,8,305,50,65,45,50,50,45,FALSE,1
851,マルヤクデ,ほのお,むし,3.0,120.0,8,525,100,115,65,90,90,65,FALSE,2
852,タタッコ,かくとう,,0.6,4.0,8,310,50,68,60,50,50,32,FALSE,1
853,オトスパス,かくとう,,1.6,39.0,8,480,80,118,90,70,80,42,FALSE,2
854,ヤバチャ,ゴースト,,0.1,0.2,8,308,40,45,45,74,54,50,FALSE,1
855,ポットデス,ゴースト,,0.2,0.4,8,508,60,65,65,134,114,70,FALSE,2
856,ミブリム,エスパー,,0.4,3.4,8,265,42,30,45,56,53,39,FALSE,1
857,テブリム,エスパー,,0.6,4.8,8,370,57,40,65,86,73,49,FALSE,2
858,ブリムオン,エスパー,フェアリー,2.1,5.1,8,510,57,90,95,136,103,29,FALSE,3
859,ベロバー,あく,フェアリー,0.4,5.5,8,265,45,45,30,55,40,50,FALSE,1
860,ギモー,あく,フェアリー,0.8,12.5,8,370,65,60,45,75,55,70,FALSE,2
861,オーロンゲ,あく,フェアリー,1.5,61.0,8,510,95,120,65,95,75,60,FALSE,3
862,タチフサグマ,あく,ノーマル,1.6,46.0,8,520,93,90,101,60,81,95,FALSE,3
863,ニャイキング,はがね,,0.8,28.0,8,440,70,110,100,50,60,50,FALSE,2
864,サニゴーン,ゴースト,,1.0,0.4,8,510,60,95,50,145,130,30,FALSE,2
865,ネギガナイト,かくとう,,0.8,117.0,8,507,62,135,95,68,82,65,FALSE,2
866,バリコオル,こおり,エスパー,1.5,58.2,8,520,80,85,75,110,100,70,FALSE,3
867,デスバーン,じめん,ゴースト,1.6,66.6,8,483,58,95,145,50,105,30,FALSE,2
868,マホミル,フェアリー,,0.2,0.3,8,270,45,40,40,50,61,34,FALSE,1
869,マホイップ,フェアリー,,0.3,0.5,8,495,65,60,75,110,121,64,FALSE,2
870,タイレーツ,かくとう,,3.0,62.0,8,470,65,100,100,70,60,75,FALSE,0
871,バチンウニ,でんき,,0.3,1.0,8,435,48,101,95,91,85,15,FALSE,0
872,ユキハミ,こおり,むし,0.3,3.8,8,185,30,25,35,45,30,20,FALSE,1
873,モスノウ,こおり,むし,1.3,42.0,8,475,70,65,60,125,90,65,FALSE,2
874,イシヘンジン,いわ,,2.5,520.0,8,470,100,125,135,20,20,70,FALSE,0
875,コオリッポ,こおり,,1.4,89.0,8,470,75,80,110,65,90,50,FALSE,0
876,イエッサン,エスパー,ノーマル,0.9,28.0,8,475,60,65,55,105,95,95,FALSE,0
877,モルペコ,でんき,あく,0.3,3.0,8,436,58,95,58,70,58,97,FALSE,0
878,ゾウドウ,はがね,,1.2,100.0,8,330,72,80,49,40,49,40,FALSE,1
879,ダイオウドウ,はがね,,3.0,650.0,8,500,122,130,69,80,69,30,FALSE,2
880,パッチラゴン,でんき,ドラゴン,1.8,190.0,8,505,90,100,90,80,70,75,FALSE,0
881,パッチルドン,でんき,こおり,2.3,150.0,8,505,90,100,90,90,80,55,FALSE,0
882,ウオノラゴン,みず,ドラゴン,2.3,215.0,8,505,90,90,100,70,80,75,FALSE,0
883,ウオチルドン,みず,こおり,2.0,175.0,8,505,90,90,100,80,90,55,FALSE,0
884,ジュラルドン,はがね,ドラゴン,1.8,40.0,8,535,70,95,115,120,50,85,FALSE,0
885,ドラメシヤ,ドラゴン,ゴースト,0.5,2.0,8,270,28,60,30,40,30,82,FALSE,1
886,ドロンチ,ドラゴン,ゴースト,1.4,11.0,8,410,68,80,50,60,50,102,FALSE,2
887,ドラパルト,ドラゴン,ゴースト,3.0,50.0,8,600,88,120,75,100,75,142,FALSE,3
888,ザシアン,フェアリー,,2.8,110.0,8,670,92,130,115,80,115,138,TRUE,0
889,ザマゼンタ,かくとう,,2.9,210.0,8,670,92,130,115,80,115,138,TRUE,0
890,ムゲンダイナ,どく,ドラゴン,20.0,950.0,8,690,140,85,95,145,95,130,TRUE,0
891,ダクマ,かくとう,,0.6,12.0,8,385,60,90,60,53,50,72,TRUE,1
892,ウーラオス,かくとう,あく,1.9,105.0,8,550,100,130,100,63,60,97,TRUE,2
893,ザルード,あく,くさ,1.8,70.0,8,600,105,120,105,70,95,105,FALSE,0
894,レジエレキ,でんき,,1.2,145.0,8,580,80,100,50,100,50,200,TRUE,0
895,レジドラゴ,ドラゴン,,2.1,200.0,8,580,200,100,50,100,50,80,TRUE,0
896,ブリザポス,こおり,,2.2,800.0,8,580,100,145,130,65,110,30,TRUE,0
897,レイスポス,ゴースト,,2.0,44.5,8,580,100,65,60,145,80,130,TRUE,0
898,バドレックス,エスパー,くさ,1.1,7.7,8,500,100,80,80,80,80,80,TRUE,0
899,アヤシシ,ノーマル,エスパー,1.8,95.1,8,525,103,105,72,105,75,65,FALSE,2
900,バサギリ,むし,いわ,1.8,89.0,8,500,70,135,95,45,70,85,FALSE,2
901,ガチグマ,じめん,ノーマル,2.4,290.0,8,550,130,140,105,45,80,50,FALSE,3
902,イダイトウ,みず,ゴースト,3.0,110.0,8,530,120,112,65,80,75,78,FALSE,2
903,オオニューラ,かくとう,どく,1.3,43.0,8,510,80,130,60,40,80,120,FALSE,2
904,ハリーマン,あく,どく,2.5,60.5,8,510,85,115,95,65,65,85,FALSE,2
905,ラブトロス,フェアリー,ひこう,1.6,48.0,8,580,74,115,70,135,80,106,TRUE,0
906,ニャオハ,くさ,,0.4,4.1,9,310,40,61,54,45,45,65,FALSE,1
907,ニャローテ,くさ,,0.9,12.2,9,410,61,80,63,60,63,83,FALSE,2
908,マスカーニャ,くさ,あく,1.5,31.2,9,530,76,110,70,81,70,123,FALSE,3
909,ホゲータ,ほのお,,0.4,9.8,9,310,67,45,59,63,40,36,FALSE,1
910,アチゲータ,ほのお,,1.0,30.7,9,411,81,55,78,90,58,49,FALSE,2
911,ラウドボーン,ほのお,ゴースト,1.6,326.5,9,530,104,75,100,110,75,66,FALSE,3
912,クワッス,みず,,0.5,6.1,9,310,55,65,45,50,45,50,FALSE,1
913,ウェルカモ,みず,,1.2,21.5,9,410,70,85,65,65,60,65,FALSE,2
914,ウェーニバル,みず,かくとう,1.8,61.9,9,530,85,120,80,85,75,85,FALSE,3
915,グルトン,ノーマル,,0.5,10.2,9,254,54,45,40,35,45,35,FALSE,1
916,パフュートン,ノーマル,,1.0,120.0,9,489,110,100,75,59,80,65,FALSE,2
917,タマンチュラ,むし,,0.3,4.0,9,210,35,41,45,29,40,20,FALSE,1
918,ワナイダー,むし,,1.0,16.5,9,404,60,79,92,52,86,35,FALSE,2
919,マメバッタ,むし,,0.2,1.0,9,210,33,46,40,21,25,45,FALSE,1
920,エクスレッグ,むし,あく,1.0,17.5,9,450,71,102,78,52,55,92,FALSE,2
921,パモ,でんき,,0.3,2.5,9,240,45,50,20,40,25,60,FALSE,1
922,パモット,でんき,かくとう,0.4,6.5,9,350,60,75,40,50,40,85,FALSE,2
923,パーモット,でんき,かくとう,0.9,41.0,9,490,70,115,70,70,60,105,FALSE,3
924,ワッカネズミ,ノーマル,,0.3,1.8,9,305,50,50,45,40,45,75,FALSE,1
925,イッカネズミ,ノーマル,,0.3,2.3,9,470,74,75,70,65,75,111,FALSE,2
926,パピモッチ,フェアリー,,0.3,10.9,9,312,37,55,70,30,55,65,FALSE,1
927,バウッツェル,フェアリー,,0.5,14.9,9,477,57,80,115,50,80,95,FALSE,2
928,ミニーブ,くさ,ノーマル,0.3,6.5,9,260,41,35,45,58,51,30,FALSE,1
929,オリーニョ,くさ,ノーマル,0.6,11.9,9,354,52,53,60,78,78,33,FALSE,2
930,オリーヴァ,くさ,ノーマル,1.4,48.2,9,510,78,69,90,125,109,39,FALSE,3
931,イキリンコ,ノーマル,ひこう,0.6,2.4,9,417,82,96,51,45,51,92,FALSE,0
932,コジオ,いわ,,0.4,16.0,9,280,55,55,75,35,35,25,FALSE,1
933,ジオヅム,いわ,,0.6,105.0,9,355,60,60,100,35,65,35,FALSE,2
934,キョジオーン,いわ,,2.3,240.0,9,500,100,100,130,45,90,35,FALSE,3
935,カルボウ,ほのお,,0.6,10.5,9,255,40,50,40,50,40,35,FALSE,1
936,グレンアルマ,ほのお,エスパー,1.5,85.0,9,525,85,60,100,125,80,75,FALSE,2
937,ソウブレイズ,ほのお,ゴースト,1.6,62.0,9,525,75,125,80,60,100,85,FALSE,2
938,ズピカ,でんき,,0.3,0.4,9,272,61,31,41,59,35,45,FALSE,1
939,ハラバリー,でんき,,1.2,113.0,9,495,109,64,91,103,83,45,FALSE,2
940,カイデン,でんき,ひこう,0.4,3.6,9,280,40,40,35,55,40,70,FALSE,1
941,タイカイデン,でんき,ひこう,1.4,38.6,9,490,70,70,60,105,60,125,FALSE,2
942,オラチフ,あく,,0.5,16.0,9,340,60,78,60,40,51,51,FALSE,1
943,マフィティフ,あく,,1.1,61.0,9,505,80,120,90,60,70,85,FALSE,2
944,シルシュルー,どく,ノーマル,0.2,0.7,9,290,40,65,35,40,35,75,FALSE,1
945,タギングル,どく,ノーマル,0.7,27.2,9,485,63,95,65,80,72,110,FALSE,2
946,アノクサ,くさ,ゴースト,0.6,0.6,9,275,40,65,30,45,35,60,FALSE,1
947,アノホラグサ,くさ,ゴースト,1.2,6.0,9,480,55,115,70,80,70,90,FALSE,2
948,ノノクラゲ,じめん,くさ,0.9,33.0,9,335,40,40,35,50,100,70,FALSE,1
949,リククラゲ,じめん,くさ,1.9,58.0,9,515,80,70,65,80,120,100,FALSE,2
950,ガケガニ,いわ,,1.3,79.0,9,450,70,100,115,35,55,75,FALSE,0
951,カプサイジ,くさ,,0.3,3.0,9,304,50,62,40,62,40,50,FALSE,1
952,スコヴィラン,くさ,ほのお,0.9,15.0,9,486,65,108,65,108,65,75,FALSE,2
953,シガロコ,むし,,0.2,1.0,9,270,41,50,60,31,58,30,FALSE,1
954,ベラカス,むし,エスパー,0.3,3.5,9,470,75,50,85,115,100,45,FALSE,2
955,ヒラヒナ,エスパー,,0.2,1.5,9,255,30,35,30,55,30,75,FALSE,1
956,クエスパトラ,エスパー,,1.9,90.0,9,481,95,60,60,101,60,105,FALSE,2
957,カヌチャン,フェアリー,はがね,0.4,8.9,9,297,50,45,45,35,64,58,FALSE,1
958,ナカヌチャン,フェアリー,はがね,0.7,59.1,9,380,65,55,55,45,82,78,FALSE,2
959,デカヌチャン,フェアリー,はがね,0.7,112.8,9,506,85,75,77,70,105,94,FALSE,3
960,ウミディグダ,みず,,1.2,1.8,9,245,10,55,25,35,25,95,FALSE,1
961,ウミトリオ,みず,,1.2,5.4,9,425,35,100,50,50,70,120,FALSE,2
962,オトシドリ,ひこう,あく,1.5,42.9,9,485,70,103,85,60,85,82,FALSE,0
963,ナミイルカ,みず,,1.3,60.2,9,315,70,45,40,45,40,75,FALSE,1
964,イルカマン,みず,,1.8,97.4,9,650,100,160,97,106,87,100,FALSE,2
965,ブロロン,はがね,どく,1.0,35.0,9,300,45,70,63,30,45,47,FALSE,1
966,ブロロローム,はがね,どく,1.8,120.0,9,500,80,119,90,54,67,90,FALSE,2
967,モトトカゲ,ドラゴン,ノーマル,1.6,63.0,9,501,70,95,65,85,65,121,FALSE,0
968,ミミズズ,はがね,,2.5,310.0,9,480,70,85,145,60,55,65,FALSE,0
969,キラーメ,いわ,どく,0.7,8.0,9,350,48,35,42,105,60,60,FALSE,1
970,キラフロル,いわ,どく,1.5,45.0,9,525,83,55,90,130,81,86,FALSE,2
971,ボチ,ゴースト,,0.6,35.0,9,290,50,61,60,30,55,34,FALSE,1
972,ハカドッグ,ゴースト,,2.0,15.0,9,488,72,101,100,50,97,68,FALSE,2
973,カラミンゴ,ひこう,かくとう,1.6,37.0,9,500,82,115,74,75,64,90,FALSE,0
974,アルクジラ,こおり,,1.2,45.0,9,334,108,68,45,30,40,43,FALSE,1
975,ハルクジラ,こおり,,4.5,700.0,9,521,170,113,65,45,55,73,FALSE,2
976,ミガルーサ,みず,エスパー,2.5,90.0,9,478,90,102,73,78,65,70,FALSE,0
977,ヘイラッシャ,みず,,12.0,220.0,9,530,150,100,115,65,65,35,FALSE,0
978,シャリタツ,ドラゴン,みず,0.3,8.0,9,475,68,50,60,120,95,82,FALSE,0
979,コノヨザル,かくとう,ゴースト,1.2,56.0,9,535,110,115,80,50,90,90,FALSE,3
980,ドオー,どく,じめん,1.8,223.0,9,430,130,75,60,45,100,20,FALSE,2
981,リキキリン,ノーマル,エスパー,3.2,160.0,9,520,120,90,70,110,70,60,FALSE,2
982,ノココッチ,ノーマル,,3.6,39.2,9,520,125,100,80,85,75,55,FALSE,2
983,ドドゲザン,あく,はがね,2.0,120.0,9,550,100,135,120,60,85,50,FALSE,3
984,イダイナキバ,じめん,かくとう,2.2,320.0,9,570,115,131,131,53,53,87,FALSE,0
985,サケブシッポ,フェアリー,エスパー,1.2,8.0,9,570,115,65,99,65,115,111,FALSE,0
986,アラブルタケ,くさ,あく,1.2,21.0,9,570,111,127,99,79,99,55,FALSE,0
987,ハバタクカミ,ゴースト,フェアリー,1.4,4.0,9,570,55,55,55,135,135,135,FALSE,0
988,チヲハウハネ,むし,かくとう,3.2,92.0,9,570,85,135,79,85,105,81,FALSE,0
989,スナノケガワ,でんき,じめん,2.3,60.0,9,570,85,81,97,121,85,101,FALSE,0
990,テツノワダチ,じめん,はがね,0.9,240.0,9,570,90,112,120,72,70,106,FALSE,0
991,テツノツツミ,みず,こおり,0.6,11.0,9,570,56,80,114,124,60,136,FALSE,0
992,テツノカイナ,かくとう,でんき,1.8,380.7,9,570,154,140,108,50,68,50,FALSE,0
993,テツノコウベ,あく,ひこう,1.3,111.0,9,570,94,80,86,122,80,108,FALSE,0
994,テツノドクガ,ほのお,どく,1.2,36.0,9,570,80,70,60,140,110,110,FALSE,0
995,テツノイバラ,いわ,でんき,1.6,303.0,9,570,100,134,110,70,84,72,FALSE,0
996,セビエ,ドラゴン,こおり,0.5,17.0,9,320,65,75,45,35,45,55,FALSE,1
997,セゴール,ドラゴン,こおり,0.8,30.0,9,423,90,95,66,45,65,62,FALSE,2
998,セグレイブ,ドラゴン,こおり,2.1,210.0,9,600,115,145,92,75,86,87,FALSE,3
999,コレクレー,ゴースト,,0.3,5.0,9,300,45,30,70,75,70,10,FALSE,1
1000,サーフゴー,ゴースト,はがね,1.2,30.0,9,550,87,60,95,133,91,84,FALSE,2
1001,チオンジェン,あく,くさ,1.5,74.2,9,570,85,85,100,95,135,70,TRUE,0
1002,パオジアン,あく,こおり,1.9,152.2,9,570,80,120,80,90,65,135,TRUE,0
1003,ディンルー,あく,じめん,2.7,699.7,9,570,155,110,125,55,80,45,TRUE,0
1004,イーユイ,あく,ほのお,0.4,4.9,9,570,55,80,80,135,120,100,TRUE,0
1005,トドロクツキ,ドラゴン,あく,2.0,380.0,9,590,105,139,71,55,101,119,FALSE,0
1006,テツノブジン,フェアリー,かくとう,1.4,35.0,9,590,74,130,90,120,60,116,FALSE,0
1007,コライドン,かくとう,ドラゴン,2.5,303.0,9,670,100,135,115,85,100,135,TRUE,0
1008,ミライドン,でんき,ドラゴン,3.5,240.0,9,670,100,85,100,135,115,135,TRUE,0
1009,ウネルミナモ,みず,ドラゴン,3.5,280.0,9,590,99,83,91,125,83,109,FALSE,0
1010,テツノイサハ,くさ,エスパー,1.5,125.0,9,590,90,130,88,70,108,104,FALSE,0
